index	index	index	index	index	index	Gynecologic	Myeloid	Prostate	Skin
sample_id	data_type	clf_group	clf_name	feat_name	feat_value	Gynecologic: Ovary/Fallopian tube	Myeloid: Acute myeloid leukemia	Prostate	Skin: Other
Pro_9	prob	combined	combined			0.0002238		0.725	0.2747
Pro_9	prob	dna	dna_combined			0	0.1067	0.6478	0.2455
Pro_9	prob	rna	rna_combined			0		0.5	0.5
Pro_9	prob	dna	gen_pos			0.223	0.1402	0.2775	0.3593
Pro_9	prob	dna	snv96			0.1026	0.03308	0.7732	0.09113
Pro_9	prob	dna	event			0.3898	0.1174	0.2721	0.2207
Pro_9	prob	rna	gene_exp			0.2407		0.5894	0.1699
Pro_9	prob	rna	alt_sj			0.2407		0.5894	0.1699
Pro_9	feat_contrib	dna	event	_prior		0.1288	-0.4759	-0.03852	0.06863
Pro_9	feat_contrib	dna	event	event.sv.LINE	1	0	0	0	0
Pro_9	feat_contrib	dna	event	event.sv.SIMPLE_DEL_20KB_1MB	47	0	-1.224	0	0
Pro_9	feat_contrib	dna	event	event.sv.SIMPLE_DUP_32B_200B	0	0.0005249	0.7614	-0.2008	-0.3062
Pro_9	feat_contrib	dna	event	event.sv.SIMPLE_DUP_100KB_5MB	29	0.132	0	0	0
Pro_9	feat_contrib	dna	event	event.sv.MAX_COMPLEX_SIZE	28	0	0	0.1413	0
Pro_9	feat_contrib	dna	event	event.sv.TELOMERIC_SGL	0	0	0	0	-0.07019
Pro_9	feat_contrib	dna	event	event.tmb.snv_count	6652	0	0	0	0
Pro_9	feat_contrib	dna	event	event.tmb.indels_per_mb	0.375	0	0	0	0
Pro_9	sig_quantile			AID/APOBEC (SBS2/13)	201.9	0.41	13.46	0.3145	0.3404
Pro_9	sig_quantile			MMRD (SBS6)	0	0	0	0	0
Pro_9	sig_quantile			ROS/5FU (SBS17)	0	0	0	0	0
Pro_9	sig_quantile			Smoking (SBS4)	0	0	0	0	0
Pro_9	sig_quantile			UV (SBS7)	0	0	0	0	0
Ski_5	prob	combined	combined						
Ski_5	prob	dna	dna_combined			0	0.06387	0	0.9361
Ski_5	prob	rna	rna_combined						
Ski_5	prob	dna	gen_pos			0.1999	0.06722	0.1405	0.5924
Ski_5	prob	dna	snv96			0.03012	0.002294	0.00409	0.9635
Ski_5	prob	dna	event			0.2966	0.2642	0.1803	0.2589
Ski_5	prob	rna	gene_exp						
Ski_5	prob	rna	alt_sj						
Ski_5	feat_contrib	dna	event	_prior		0.1288	-0.4759	-0.03852	0.06863
Ski_5	feat_contrib	dna	event	event.sv.LINE	14	0	0	0	0
Ski_5	feat_contrib	dna	event	event.sv.SIMPLE_DEL_20KB_1MB	5	0	0.09926	0	0
Ski_5	feat_contrib	dna	event	event.sv.SIMPLE_DUP_32B_200B	1	0.0001944	0.282	-0.07439	-0.1134
Ski_5	feat_contrib	dna	event	event.sv.SIMPLE_DUP_100KB_5MB	1	-0.1079	0	0	0
Ski_5	feat_contrib	dna	event	event.sv.MAX_COMPLEX_SIZE	5	0	0	-0.3636	0
Ski_5	feat_contrib	dna	event	event.sv.TELOMERIC_SGL	0	0	0	0	-0.07019
Ski_5	feat_contrib	dna	event	event.tmb.snv_count	1.431e+05	0	0	0	0
Ski_5	feat_contrib	dna	event	event.tmb.indels_per_mb	0.1812	0	0	0	0
Ski_5	sig_quantile			AID/APOBEC (SBS2/13)	3539	0.9154	235.9	3.157	0.4771
Ski_5	sig_quantile			MMRD (SBS6)	0	0	0	0	0
Ski_5	sig_quantile			ROS/5FU (SBS17)	0	0	0	0	0
Ski_5	sig_quantile			Smoking (SBS4)	0	0	0	0	0
Ski_5	sig_quantile			UV (SBS7)	7.085e+04	282.1	944.6	608.6	0.5667
Mye_6	prob	combined	combined						
Mye_6	prob	dna	dna_combined			0	0.7373	0.09525	0.1674
Mye_6	prob	rna	rna_combined						
Mye_6	prob	dna	gen_pos			0.2782	0.2821	0.1991	0.2407
Mye_6	prob	dna	snv96			0.09704	0.7005	0.09385	0.1086
Mye_6	prob	dna	event			0.1456	0.6963	0.0467	0.1114
Mye_6	prob	rna	gene_exp						
Mye_6	prob	rna	alt_sj						
Mye_6	feat_contrib	dna	event	_prior		0.1288	-0.4759	-0.03852	0.06863
Mye_6	feat_contrib	dna	event	event.sv.LINE	0	0	0	0	0
Mye_6	feat_contrib	dna	event	event.sv.SIMPLE_DEL_20KB_1MB	0	0	1.239	0	0
Mye_6	feat_contrib	dna	event	event.sv.SIMPLE_DUP_32B_200B	0	0.0005249	0.7614	-0.2008	-0.3062
Mye_6	feat_contrib	dna	event	event.sv.SIMPLE_DUP_100KB_5MB	0	-0.1694	0	0	0
Mye_6	feat_contrib	dna	event	event.sv.MAX_COMPLEX_SIZE	0	0	0	-0.9378	0
Mye_6	feat_contrib	dna	event	event.sv.TELOMERIC_SGL	0	0	0	0	-0.07019
Mye_6	feat_contrib	dna	event	event.tmb.snv_count	286	0	0	0	0
Mye_6	feat_contrib	dna	event	event.tmb.indels_per_mb	0	0	0	0	0
Mye_6	sig_quantile			AID/APOBEC (SBS2/13)	3.1	0	0.7659	0	0.0201
Mye_6	sig_quantile			MMRD (SBS6)	0	0	0	0	0
Mye_6	sig_quantile			ROS/5FU (SBS17)	0	0	0	0	0
Mye_6	sig_quantile			Smoking (SBS4)	0	0	0	0	0
Mye_6	sig_quantile			UV (SBS7)	0	0	0	0	0
Gyn_9	prob	combined	combined			0.8082		0.0002188	0.1915
Gyn_9	prob	dna	dna_combined			0.7387	0.08626	0	0.1751
Gyn_9	prob	rna	rna_combined			0.5		0	0.5
Gyn_9	prob	dna	gen_pos			0.446	0.1726	0.1515	0.2299
Gyn_9	prob	dna	snv96			0.3616	0.113	0.3211	0.2044
Gyn_9	prob	dna	event			0.2666	0.08387	0.3969	0.2526
Gyn_9	prob	rna	gene_exp			0.2407		0.5894	0.1699
Gyn_9	prob	rna	alt_sj			0.2407		0.5894	0.1699
Gyn_9	feat_contrib	dna	event	_prior		0.1288	-0.4759	-0.03852	0.06863
Gyn_9	feat_contrib	dna	event	event.sv.LINE	0	0	0	0	0
Gyn_9	feat_contrib	dna	event	event.sv.SIMPLE_DEL_20KB_1MB	23	0	-0.7829	0	0
Gyn_9	feat_contrib	dna	event	event.sv.SIMPLE_DUP_32B_200B	1	0.0001944	0.282	-0.07439	-0.1134
Gyn_9	feat_contrib	dna	event	event.sv.SIMPLE_DUP_100KB_5MB	11	0.05081	0	0	0
Gyn_9	feat_contrib	dna	event	event.sv.MAX_COMPLEX_SIZE	160	0	0	0.6906	0
Gyn_9	feat_contrib	dna	event	event.sv.TELOMERIC_SGL	1	0	0	0	0.1706
Gyn_9	feat_contrib	dna	event	event.tmb.snv_count	4548	0	0	0	0
Gyn_9	feat_contrib	dna	event	event.tmb.indels_per_mb	0.0301	0	0	0	0
Gyn_9	sig_quantile			AID/APOBEC (SBS2/13)	257.4	0.4491	17.16	0.3489	0.3427
Gyn_9	sig_quantile			MMRD (SBS6)	0	0	0	0	0
Gyn_9	sig_quantile			ROS/5FU (SBS17)	0	0	0	0	0
Gyn_9	sig_quantile			Smoking (SBS4)	0	0	0	0	0
Gyn_9	sig_quantile			UV (SBS7)	151.3	0.7777	2.017	1.3	0.5001
Pro_5	prob	combined	combined			0.0002245		0.699	0.3008
Pro_5	prob	dna	dna_combined			0	0.1092	0.6227	0.268
Pro_5	prob	rna	rna_combined			0		0.5	0.5
Pro_5	prob	dna	gen_pos			0.267	0.1188	0.3178	0.2964
Pro_5	prob	dna	snv96			0.4243	0.009122	0.4774	0.08916
Pro_5	prob	dna	event			0.2486	0.03201	0.4235	0.2959
Pro_5	prob	rna	gene_exp			0.2407		0.5894	0.1699
Pro_5	prob	rna	alt_sj			0.2407		0.5894	0.1699
Pro_5	feat_contrib	dna	event	_prior		0.1534	-0.5033	0.0394	0.008122
Pro_5	feat_contrib	dna	event	event.sv.LINE	111	0	0	0	0
Pro_5	feat_contrib	dna	event	event.sv.SIMPLE_DEL_20KB_1MB	39	0	-1.111	0	0
Pro_5	feat_contrib	dna	event	event.sv.SIMPLE_DUP_32B_200B	3	0	-0.3311	0	0.01426
Pro_5	feat_contrib	dna	event	event.sv.SIMPLE_DUP_100KB_5MB	18	0.03884	0	0	0
Pro_5	feat_contrib	dna	event	event.sv.MAX_COMPLEX_SIZE	273	0	0	0.4985	0
Pro_5	feat_contrib	dna	event	event.sv.TELOMERIC_SGL	2	0	0	0	0.2197
Pro_5	feat_contrib	dna	event	event.tmb.snv_count	8034	0	0	0	0.036
Pro_5	feat_contrib	dna	event	event.tmb.indels_per_mb	0.2711	-0.08843	0	0.0989	0
Pro_5	sig_quantile			AID/APOBEC (SBS2/13)	520.3	0.7172	43.36	0.6809	0.1901
Pro_5	sig_quantile			MMRD (SBS6)	0	0	0	0	0
Pro_5	sig_quantile			ROS/5FU (SBS17)	0	0	0	0	0
Pro_5	sig_quantile			Smoking (SBS4)	0	0	0	0	0
Pro_5	sig_quantile			UV (SBS7)	0	0	0	0	0
Ski_1	prob	combined	combined						
Ski_1	prob	dna	dna_combined			0	0.4435	0.2733	0.2833
Ski_1	prob	rna	rna_combined						
Ski_1	prob	dna	gen_pos			0.2141	0.2863	0.2473	0.2523
Ski_1	prob	dna	snv96			0.1448	0.389	0.2675	0.1986
Ski_1	prob	dna	event			0.2662	0.4199	0.1543	0.1595
Ski_1	prob	rna	gene_exp						
Ski_1	prob	rna	alt_sj						
Ski_1	feat_contrib	dna	event	_prior		0.1534	-0.5033	0.0394	0.008122
Ski_1	feat_contrib	dna	event	event.sv.LINE	0	0	0	0	0
Ski_1	feat_contrib	dna	event	event.sv.SIMPLE_DEL_20KB_1MB	1	0	0.8421	0	0
Ski_1	feat_contrib	dna	event	event.sv.SIMPLE_DUP_32B_200B	1	0	0.3537	0	-0.01523
Ski_1	feat_contrib	dna	event	event.sv.SIMPLE_DUP_100KB_5MB	7	0.008594	0	0	0
Ski_1	feat_contrib	dna	event	event.sv.MAX_COMPLEX_SIZE	3	0	0	-0.2645	0
Ski_1	feat_contrib	dna	event	event.sv.TELOMERIC_SGL	0	0	0	0	-0.04063
Ski_1	feat_contrib	dna	event	event.tmb.snv_count	1461	0	0	0	-0.2278
Ski_1	feat_contrib	dna	event	event.tmb.indels_per_mb	0.0168	0.07457	0	-0.0834	0
Ski_1	sig_quantile			AID/APOBEC (SBS2/13)	29.4	0.1118	2.45	0	0.1668
Ski_1	sig_quantile			MMRD (SBS6)	0	0	0	0	0
Ski_1	sig_quantile			ROS/5FU (SBS17)	0	0	0	0	0
Ski_1	sig_quantile			Smoking (SBS4)	0	0	0	0	0
Ski_1	sig_quantile			UV (SBS7)	87.1	0.7484	1.161	0.8331	0.3334
Mye_5	prob	combined	combined						
Mye_5	prob	dna	dna_combined			0	0.9928	0.003389	0.003827
Mye_5	prob	rna	rna_combined						
Mye_5	prob	dna	gen_pos			0.2286	0.2978	0.2079	0.2657
Mye_5	prob	dna	snv96			0.1319	0.577	0.1958	0.09532
Mye_5	prob	dna	event			0.2528	0.4403	0.1458	0.161
Mye_5	prob	rna	gene_exp						
Mye_5	prob	rna	alt_sj						
Mye_5	feat_contrib	dna	event	_prior		0.1534	-0.5033	0.0394	0.008122
Mye_5	feat_contrib	dna	event	event.sv.LINE	3	0	0	0	0
Mye_5	feat_contrib	dna	event	event.sv.SIMPLE_DEL_20KB_1MB	0	0	1.294	0	0
Mye_5	feat_contrib	dna	event	event.sv.SIMPLE_DUP_32B_200B	2	0	-0.04691	0	0.00202
Mye_5	feat_contrib	dna	event	event.sv.SIMPLE_DUP_100KB_5MB	1	-0.03987	0	0	0
Mye_5	feat_contrib	dna	event	event.sv.MAX_COMPLEX_SIZE	2	0	0	-0.3164	0
Mye_5	feat_contrib	dna	event	event.sv.TELOMERIC_SGL	0	0	0	0	-0.04063
Mye_5	feat_contrib	dna	event	event.tmb.snv_count	1426	0	0	0	-0.2315
Mye_5	feat_contrib	dna	event	event.tmb.indels_per_mb	0.0157	0.07536	0	-0.08428	0
Mye_5	sig_quantile			AID/APOBEC (SBS2/13)	15	0.096	1.25	0	0.09728
Mye_5	sig_quantile			MMRD (SBS6)	0	0	0	0	0
Mye_5	sig_quantile			ROS/5FU (SBS17)	0	0	0	0	0
Mye_5	sig_quantile			Smoking (SBS4)	0	0	0	0	0
Mye_5	sig_quantile			UV (SBS7)	0	0	0	0	0
Gyn_2	prob	combined	combined			0.5442		0.000222	0.4556
Gyn_2	prob	dna	dna_combined			0.4902	0.09935	0	0.4104
Gyn_2	prob	rna	rna_combined			0.5		0	0.5
Gyn_2	prob	dna	gen_pos			0.3219	0.1495	0.1876	0.3409
Gyn_2	prob	dna	snv96			0.09331	0.01293	0.3912	0.5026
Gyn_2	prob	dna	event			0.2523	0.1669	0.3151	0.2657
Gyn_2	prob	rna	gene_exp			0.2407		0.5894	0.1699
Gyn_2	prob	rna	alt_sj			0.2407		0.5894	0.1699
Gyn_2	feat_contrib	dna	event	_prior		0.1534	-0.5033	0.0394	0.008122
Gyn_2	feat_contrib	dna	event	event.sv.LINE	15	0	0	0	0
Gyn_2	feat_contrib	dna	event	event.sv.SIMPLE_DEL_20KB_1MB	22	0	-0.7506	0	0
Gyn_2	feat_contrib	dna	event	event.sv.SIMPLE_DUP_32B_200B	0	0	1.038	0	-0.04472
Gyn_2	feat_contrib	dna	event	event.sv.SIMPLE_DUP_100KB_5MB	38	0.06398	0	0	0
Gyn_2	feat_contrib	dna	event	event.sv.MAX_COMPLEX_SIZE	125	0	0	0.3582	0
Gyn_2	feat_contrib	dna	event	event.sv.TELOMERIC_SGL	1	0	0	0	0.1236
Gyn_2	feat_contrib	dna	event	event.tmb.snv_count	1.817e+04	0	0	0	0.1623
Gyn_2	feat_contrib	dna	event	event.tmb.indels_per_mb	0.157	-0.01975	0	0.02209	0
Gyn_2	sig_quantile			AID/APOBEC (SBS2/13)	1.325e+04	7.505	1104	11.82	0.6551
Gyn_2	sig_quantile			MMRD (SBS6)	276.7	0.8195	inf	inf	4.212
Gyn_2	sig_quantile			ROS/5FU (SBS17)	821.1	6.988	9.514	inf	0.8708
Gyn_2	sig_quantile			Smoking (SBS4)	0	0	0	0	0
Gyn_2	sig_quantile			UV (SBS7)	187	0.8879	2.493	1.607	0.3337
Pro_2	prob	combined	combined			0.0002248		0.7091	0.2907
Pro_2	prob	dna	dna_combined			0	0.1106	0.6308	0.2586
Pro_2	prob	rna	rna_combined			0		0.5	0.5
Pro_2	prob	dna	gen_pos			0.2147	0.1296	0.3412	0.3145
Pro_2	prob	dna	snv96			0.3173	0.04453	0.5371	0.1011
Pro_2	prob	dna	event			0.2898	0.04895	0.3876	0.2737
Pro_2	prob	rna	gene_exp			0.2407		0.5894	0.1699
Pro_2	prob	rna	alt_sj			0.2407		0.5894	0.1699
Pro_2	feat_contrib	dna	event	_prior		-0.1779	-0.8231	-0.3038	-0.1819
Pro_2	feat_contrib	dna	event	event.sv.LINE	75	0	0	0	0
Pro_2	feat_contrib	dna	event	event.sv.SIMPLE_DEL_20KB_1MB	26	0	-1.071	0	0
Pro_2	feat_contrib	dna	event	event.sv.SIMPLE_DUP_32B_200B	2	0	-0.04184	0.005603	0
Pro_2	feat_contrib	dna	event	event.sv.SIMPLE_DUP_100KB_5MB	16	0.02029	0	0	0
Pro_2	feat_contrib	dna	event	event.sv.MAX_COMPLEX_SIZE	141	0	0	0.2267	0
Pro_2	feat_contrib	dna	event	event.sv.TELOMERIC_SGL	0	0	0	0	-0.03277
Pro_2	feat_contrib	dna	event	event.tmb.snv_count	7954	0	0	0	0
Pro_2	feat_contrib	dna	event	event.tmb.indels_per_mb	0.2431	0	0	0.2048	0
Pro_2	sig_quantile			AID/APOBEC (SBS2/13)	618.4	0.6787	41.23	0.8401	0.3613
Pro_2	sig_quantile			MMRD (SBS6)	0	0	0	0	0
Pro_2	sig_quantile			ROS/5FU (SBS17)	0	0	0	0	0
Pro_2	sig_quantile			Smoking (SBS4)	0	0	0	0	0
Pro_2	sig_quantile			UV (SBS7)	116.4	0.7719	1.552	1.099	0.5001
Ski_6	prob	combined	combined						
Ski_6	prob	dna	dna_combined			0	0.04078	0.064	0.8952
Ski_6	prob	rna	rna_combined						
Ski_6	prob	dna	gen_pos			0.1626	0.06329	0.139	0.6352
Ski_6	prob	dna	snv96			0.008827	9.027e-05	0.0008133	0.9903
Ski_6	prob	dna	event			0.2872	0.09142	0.3392	0.2821
Ski_6	prob	rna	gene_exp						
Ski_6	prob	rna	alt_sj						
Ski_6	feat_contrib	dna	event	_prior		-0.1779	-0.8231	-0.3038	-0.1819
Ski_6	feat_contrib	dna	event	event.sv.LINE	20	0	0	0	0
Ski_6	feat_contrib	dna	event	event.sv.SIMPLE_DEL_20KB_1MB	6	0	0.06977	0	0
Ski_6	feat_contrib	dna	event	event.sv.SIMPLE_DUP_32B_200B	9	0	-0.5883	0.07877	0
Ski_6	feat_contrib	dna	event	event.sv.SIMPLE_DUP_100KB_5MB	2	-0.01891	0	0	0
Ski_6	feat_contrib	dna	event	event.sv.MAX_COMPLEX_SIZE	3	0	0	-0.171	0
Ski_6	feat_contrib	dna	event	event.sv.TELOMERIC_SGL	0	0	0	0	-0.03277
Ski_6	feat_contrib	dna	event	event.tmb.snv_count	6.094e+05	0	0	0	0
Ski_6	feat_contrib	dna	event	event.tmb.indels_per_mb	0.3494	0	0	0.3655	0
Ski_6	sig_quantile			AID/APOBEC (SBS2/13)	4097	0.9203	273.1	3.655	0.509
Ski_6	sig_quantile			MMRD (SBS6)	0	0	0	0	0
Ski_6	sig_quantile			ROS/5FU (SBS17)	0	0	0	0	0
Ski_6	sig_quantile			Smoking (SBS4)	0	0	0	0	0
Ski_6	sig_quantile			UV (SBS7)	4.102e+05	1634	5469	3873	0.9503
Mye_2	prob	combined	combined						
Mye_2	prob	dna	dna_combined			0	0.9961	0.001473	0.002395
Mye_2	prob	rna	rna_combined						
Mye_2	prob	dna	gen_pos			0.2346	0.296	0.2134	0.2561
Mye_2	prob	dna	snv96			0.07775	0.718	0.1119	0.09239
Mye_2	prob	dna	event			0.1348	0.6477	0.08173	0.1358
Mye_2	prob	rna	gene_exp						
Mye_2	prob	rna	alt_sj						
Mye_2	feat_contrib	dna	event	_prior		-0.1779	-0.8231	-0.3038	-0.1819
Mye_2	feat_contrib	dna	event	event.sv.LINE	3	0	0	0	0
Mye_2	feat_contrib	dna	event	event.sv.SIMPLE_DEL_20KB_1MB	0	0	1.714	0	0
Mye_2	feat_contrib	dna	event	event.sv.SIMPLE_DUP_32B_200B	0	0	0.4568	-0.06117	0
Mye_2	feat_contrib	dna	event	event.sv.SIMPLE_DUP_100KB_5MB	0	-0.04373	0	0	0
Mye_2	feat_contrib	dna	event	event.sv.MAX_COMPLEX_SIZE	4	0	0	-0.1461	0
Mye_2	feat_contrib	dna	event	event.sv.TELOMERIC_SGL	0	0	0	0	-0.03277
Mye_2	feat_contrib	dna	event	event.tmb.snv_count	907	0	0	0	0
Mye_2	feat_contrib	dna	event	event.tmb.indels_per_mb	0.0052	0	0	-0.211	0
Mye_2	sig_quantile			AID/APOBEC (SBS2/13)	0.6	0	0.4688	0	0.003891
Mye_2	sig_quantile			MMRD (SBS6)	0	0	0	0	0
Mye_2	sig_quantile			ROS/5FU (SBS17)	0	0	0	0	0
Mye_2	sig_quantile			Smoking (SBS4)	0	0	0	0	0
Mye_2	sig_quantile			UV (SBS7)	0	0	0	0	0
Gyn_4	prob	combined	combined			0.8307		0.0002289	0.1691
Gyn_4	prob	dna	dna_combined			0.726	0.1263	0	0.1477
Gyn_4	prob	rna	rna_combined			0.5		0	0.5
Gyn_4	prob	dna	gen_pos			0.383	0.1609	0.1721	0.2839
Gyn_4	prob	dna	snv96			0.4619	0.1963	0.2169	0.1249
Gyn_4	prob	dna	event			0.239	0.3272	0.2026	0.2311
Gyn_4	prob	rna	gene_exp			0.2407		0.5894	0.1699
Gyn_4	prob	rna	alt_sj			0.2407		0.5894	0.1699
Gyn_4	feat_contrib	dna	event	_prior		-0.1779	-0.8231	-0.3038	-0.1819
Gyn_4	feat_contrib	dna	event	event.sv.LINE	0	0	0	0	0
Gyn_4	feat_contrib	dna	event	event.sv.SIMPLE_DEL_20KB_1MB	1	0	1.128	0	0
Gyn_4	feat_contrib	dna	event	event.sv.SIMPLE_DUP_32B_200B	3	0	-0.1724	0.02309	0
Gyn_4	feat_contrib	dna	event	event.sv.SIMPLE_DUP_100KB_5MB	5	-0.003242	0	0	0
Gyn_4	feat_contrib	dna	event	event.sv.MAX_COMPLEX_SIZE	11	0	0	-0.04858	0
Gyn_4	feat_contrib	dna	event	event.sv.TELOMERIC_SGL	0	0	0	0	-0.03277
Gyn_4	feat_contrib	dna	event	event.tmb.snv_count	5189	0	0	0	0
Gyn_4	feat_contrib	dna	event	event.tmb.indels_per_mb	0.1098	0	0	-0.01724	0
Gyn_4	sig_quantile			AID/APOBEC (SBS2/13)	187.8	0.301	12.52	0.3581	0.3409
Gyn_4	sig_quantile			MMRD (SBS6)	0	0	0	0	0
Gyn_4	sig_quantile			ROS/5FU (SBS17)	0	0	0	0	0
Gyn_4	sig_quantile			Smoking (SBS4)	452.5	1.905	1.316	inf	inf
Gyn_4	sig_quantile			UV (SBS7)	191.9	0.9076	2.559	1.812	0.5002
Pro_8	prob	combined	combined			0.0002217		0.7398	0.26
Pro_8	prob	dna	dna_combined			0	0.09797	0.6674	0.2346
Pro_8	prob	rna	rna_combined			0		0.5	0.5
Pro_8	prob	dna	gen_pos			0.2495	0.1013	0.3352	0.3139
Pro_8	prob	dna	snv96			0.2058	0.03992	0.6592	0.09504
Pro_8	prob	dna	event			0.3067	0.05072	0.3636	0.279
Pro_8	prob	rna	gene_exp			0.8705		0.00279	0.1267
Pro_8	prob	rna	alt_sj			0.8705		0.00279	0.1267
Pro_8	feat_contrib	dna	event	_prior		0.04827	-0.5706	-0.1541	0.04058
Pro_8	feat_contrib	dna	event	event.sv.LINE	27	0	0	0	0
Pro_8	feat_contrib	dna	event	event.sv.SIMPLE_DEL_20KB_1MB	20	0	-0.7739	0	0
Pro_8	feat_contrib	dna	event	event.sv.SIMPLE_DUP_32B_200B	4	0	-0.379	0	0
Pro_8	feat_contrib	dna	event	event.sv.SIMPLE_DUP_100KB_5MB	8	0.02792	0	0	0
Pro_8	feat_contrib	dna	event	event.sv.MAX_COMPLEX_SIZE	43	0	0	0.2866	0
Pro_8	feat_contrib	dna	event	event.sv.TELOMERIC_SGL	0	0	0	0	-0.06153
Pro_8	feat_contrib	dna	event	event.tmb.snv_count	7356	0	0	0	0.002289
Pro_8	feat_contrib	dna	event	event.tmb.indels_per_mb	0.1829	0	0	0.1139	0
Pro_8	sig_quantile			AID/APOBEC (SBS2/13)	441	0.5683	29.4	0.5801	0.3529
Pro_8	sig_quantile			MMRD (SBS6)	0	0	0	0	0
Pro_8	sig_quantile			ROS/5FU (SBS17)	0	0	0	0	0
Pro_8	sig_quantile			Smoking (SBS4)	0	0	0	0	0
Pro_8	sig_quantile			UV (SBS7)	105.9	0.6635	inf	0.9803	0.5
Ski_8	prob	combined	combined			0.01048		0.0002096	0.9893
Ski_8	prob	dna	dna_combined			0	0.05586	0	0.9441
Ski_8	prob	rna	rna_combined			0.5		0	0.5
Ski_8	prob	dna	gen_pos			0.3867	0.05045	0.1083	0.4545
Ski_8	prob	dna	snv96			0.008758	0.0003287	0.001573	0.9893
Ski_8	prob	dna	event			0.2638	0.03811	0.4625	0.2355
Ski_8	prob	rna	gene_exp			0.8705		0.00279	0.1267
Ski_8	prob	rna	alt_sj			0.8705		0.00279	0.1267
Ski_8	feat_contrib	dna	event	_prior		0.04827	-0.5706	-0.1541	0.04058
Ski_8	feat_contrib	dna	event	event.sv.LINE	450	0	0	0	0
Ski_8	feat_contrib	dna	event	event.sv.SIMPLE_DEL_20KB_1MB	13	0	-0.4877	0	0
Ski_8	feat_contrib	dna	event	event.sv.SIMPLE_DUP_32B_200B	8	0	-0.7533	0	0
Ski_8	feat_contrib	dna	event	event.sv.SIMPLE_DUP_100KB_5MB	15	0.0752	0	0	0
Ski_8	feat_contrib	dna	event	event.sv.MAX_COMPLEX_SIZE	83	0	0	0.4809	0
Ski_8	feat_contrib	dna	event	event.sv.TELOMERIC_SGL	0	0	0	0	-0.06153
Ski_8	feat_contrib	dna	event	event.tmb.snv_count	2.298e+05	0	0	0	0.03087
Ski_8	feat_contrib	dna	event	event.tmb.indels_per_mb	0.3242	0	0	0.358	0
Ski_8	sig_quantile			AID/APOBEC (SBS2/13)	1.815e+04	1.37	1210	16.19	0.8581
Ski_8	sig_quantile			MMRD (SBS6)	0	0	0	0	0
Ski_8	sig_quantile			ROS/5FU (SBS17)	0	0	0	0	0
Ski_8	sig_quantile			Smoking (SBS4)	0	0	0	0	0
Ski_8	sig_quantile			UV (SBS7)	1.77e+05	704.9	inf	1521	0.7188
Mye_3	prob	combined	combined						
Mye_3	prob	dna	dna_combined			0.03239	0.9609	0	0.006691
Mye_3	prob	rna	rna_combined						
Mye_3	prob	dna	gen_pos			0.2752	0.2248	0.2019	0.298
Mye_3	prob	dna	snv96			0.678	0.205	0.01802	0.09898
Mye_3	prob	dna	event			0.1362	0.6451	0.0716	0.1471
Mye_3	prob	rna	gene_exp						
Mye_3	prob	rna	alt_sj						
Mye_3	feat_contrib	dna	event	_prior		0.04827	-0.5706	-0.1541	0.04058
Mye_3	feat_contrib	dna	event	event.sv.LINE	1	0	0	0	0
Mye_3	feat_contrib	dna	event	event.sv.SIMPLE_DEL_20KB_1MB	0	0	1.376	0	0
Mye_3	feat_contrib	dna	event	event.sv.SIMPLE_DUP_32B_200B	0	0	0.6461	0	0
Mye_3	feat_contrib	dna	event	event.sv.SIMPLE_DUP_100KB_5MB	0	-0.1526	0	0	0
Mye_3	feat_contrib	dna	event	event.sv.MAX_COMPLEX_SIZE	4	0	0	-0.3669	0
Mye_3	feat_contrib	dna	event	event.sv.TELOMERIC_SGL	0	0	0	0	-0.06153
Mye_3	feat_contrib	dna	event	event.tmb.snv_count	2571	0	0	0	-0.006441
Mye_3	feat_contrib	dna	event	event.tmb.indels_per_mb	0.0108	0	0	-0.2262	0
Mye_3	sig_quantile			AID/APOBEC (SBS2/13)	1.8	0	0.6793	0	0.01167
Mye_3	sig_quantile			MMRD (SBS6)	0	0	0	0	0
Mye_3	sig_quantile			ROS/5FU (SBS17)	86.3	0.8734	inf	inf	0.8373
Mye_3	sig_quantile			Smoking (SBS4)	343.9	0.9495	inf	inf	inf
Mye_3	sig_quantile			UV (SBS7)	75	0.6386	inf	0.9223	0.4452
Gyn_10	prob	combined	combined			0.8829		0.0002119	0.1169
Gyn_10	prob	dna	dna_combined			0.8333	0.05632	0	0.1103
Gyn_10	prob	rna	rna_combined			0.5		0	0.5
Gyn_10	prob	dna	gen_pos			0.5461	0.1284	0.1241	0.2014
Gyn_10	prob	dna	snv96			0.6122	0.01378	0.2807	0.09332
Gyn_10	prob	dna	event			0.3369	0.08375	0.3052	0.2742
Gyn_10	prob	rna	gene_exp			0.8705		0.00279	0.1267
Gyn_10	prob	rna	alt_sj			0.8705		0.00279	0.1267
Gyn_10	feat_contrib	dna	event	_prior		0.04827	-0.5706	-0.1541	0.04058
Gyn_10	feat_contrib	dna	event	event.sv.LINE	112	0	0	0	0
Gyn_10	feat_contrib	dna	event	event.sv.SIMPLE_DEL_20KB_1MB	22	0	-0.8381	0	0
Gyn_10	feat_contrib	dna	event	event.sv.SIMPLE_DUP_32B_200B	1	0	0.2046	0	0
Gyn_10	feat_contrib	dna	event	event.sv.SIMPLE_DUP_100KB_5MB	34	0.1395	0	0	0
Gyn_10	feat_contrib	dna	event	event.sv.MAX_COMPLEX_SIZE	47	0	0	0.3127	0
Gyn_10	feat_contrib	dna	event	event.sv.TELOMERIC_SGL	0	0	0	0	-0.06153
Gyn_10	feat_contrib	dna	event	event.tmb.snv_count	7865	0	0	0	0.002844
Gyn_10	feat_contrib	dna	event	event.tmb.indels_per_mb	0.0867	0	0	-0.0696	0
Gyn_10	sig_quantile			AID/APOBEC (SBS2/13)	187.1	0.2987	12.47	0.3572	0.3408
Gyn_10	sig_quantile			MMRD (SBS6)	0	0	0	0	0
Gyn_10	sig_quantile			ROS/5FU (SBS17)	0	0	0	0	0
Gyn_10	sig_quantile			Smoking (SBS4)	0	0	0	0	0
Gyn_10	sig_quantile			UV (SBS7)	0	0	0	0	0
Pro_10	prob	combined	combined			0.0002297		0.681	0.3188
Pro_10	prob	dna	dna_combined			0	0.1295	0.593	0.2775
Pro_10	prob	rna	rna_combined			0		0.5	0.5
Pro_10	prob	dna	gen_pos			0.219	0.1661	0.3177	0.2972
Pro_10	prob	dna	snv96			0.338	0.05441	0.4785	0.1291
Pro_10	prob	dna	event			0.3147	0.06032	0.3765	0.2485
Pro_10	prob	rna	gene_exp			0.8705		0.00279	0.1267
Pro_10	prob	rna	alt_sj			0.8705		0.00279	0.1267
Pro_10	feat_contrib	dna	event	_prior		0.3534	-0.2716	0.2349	0.2116
Pro_10	feat_contrib	dna	event	event.sv.LINE	99	0	0	0	0
Pro_10	feat_contrib	dna	event	event.sv.SIMPLE_DEL_20KB_1MB	26	0	-1.013	0	0
Pro_10	feat_contrib	dna	event	event.sv.SIMPLE_DUP_32B_200B	2	0	-0.01357	0	0
Pro_10	feat_contrib	dna	event	event.sv.SIMPLE_DUP_100KB_5MB	46	0	0	0	0
Pro_10	feat_contrib	dna	event	event.sv.MAX_COMPLEX_SIZE	283	0	0	0.262	0
Pro_10	feat_contrib	dna	event	event.sv.TELOMERIC_SGL	0	0	0	0	0
Pro_10	feat_contrib	dna	event	event.tmb.snv_count	4458	0	0	0	-0.0942
Pro_10	feat_contrib	dna	event	event.tmb.indels_per_mb	0.1476	0	0	0.03596	0
Pro_10	sig_quantile			AID/APOBEC (SBS2/13)	299.6	0.5179	19.97	0.4261	0.1795
Pro_10	sig_quantile			MMRD (SBS6)	0	0	0	0	0
Pro_10	sig_quantile			ROS/5FU (SBS17)	0	0	0	0	0
Pro_10	sig_quantile			Smoking (SBS4)	0	0	0	0	0
Pro_10	sig_quantile			UV (SBS7)	49.8	0.7183	0.958	0.7871	0.262
Ski_3	prob	combined	combined			0.0004023		0.4941	0.5055
Ski_3	prob	dna	dna_combined			0	0.5031	0.2456	0.2513
Ski_3	prob	rna	rna_combined			0		0.5	0.5
Ski_3	prob	dna	gen_pos			0.235	0.2885	0.2648	0.2117
Ski_3	prob	dna	snv96			0.1766	0.4929	0.1733	0.1572
Ski_3	prob	dna	event			0.2928	0.3662	0.1699	0.171
Ski_3	prob	rna	gene_exp			0.8705		0.00279	0.1267
Ski_3	prob	rna	alt_sj			0.8705		0.00279	0.1267
Ski_3	feat_contrib	dna	event	_prior		0.3534	-0.2716	0.2349	0.2116
Ski_3	feat_contrib	dna	event	event.sv.LINE	0	0	0	0	0
Ski_3	feat_contrib	dna	event	event.sv.SIMPLE_DEL_20KB_1MB	1	0	1.001	0	0
Ski_3	feat_contrib	dna	event	event.sv.SIMPLE_DUP_32B_200B	3	0	-0.1519	0	0
Ski_3	feat_contrib	dna	event	event.sv.SIMPLE_DUP_100KB_5MB	0	0	0	0	0
Ski_3	feat_contrib	dna	event	event.sv.MAX_COMPLEX_SIZE	2	0	0	-0.1722	0
Ski_3	feat_contrib	dna	event	event.sv.TELOMERIC_SGL	0	0	0	0	0
Ski_3	feat_contrib	dna	event	event.tmb.snv_count	1165	0	0	0	-0.3959
Ski_3	feat_contrib	dna	event	event.tmb.indels_per_mb	0.0255	0	0	-0.2536	0
Ski_3	sig_quantile			AID/APOBEC (SBS2/13)	25.7	0.1087	1.713	0	0.1457
Ski_3	sig_quantile			MMRD (SBS6)	0	0	0	0	0
Ski_3	sig_quantile			ROS/5FU (SBS17)	0	0	0	0	0
Ski_3	sig_quantile			Smoking (SBS4)	0	0	0	0	0
Ski_3	sig_quantile			UV (SBS7)	50.3	0.7187	0.9588	0.7879	0.2629
Mye_4	prob	combined	combined						
Mye_4	prob	dna	dna_combined			0	0.8751	0	0.1249
Mye_4	prob	rna	rna_combined						
Mye_4	prob	dna	gen_pos			0.2718	0.3341	0.1868	0.2072
Mye_4	prob	dna	snv96			0.05626	0.8213	0.07249	0.04998
Mye_4	prob	dna	event			0.1612	0.6712	0.08845	0.07911
Mye_4	prob	rna	gene_exp						
Mye_4	prob	rna	alt_sj						
Mye_4	feat_contrib	dna	event	_prior		0.3534	-0.2716	0.2349	0.2116
Mye_4	feat_contrib	dna	event	event.sv.LINE	3	0	0	0	0
Mye_4	feat_contrib	dna	event	event.sv.SIMPLE_DEL_20KB_1MB	0	0	1.537	0	0
Mye_4	feat_contrib	dna	event	event.sv.SIMPLE_DUP_32B_200B	0	0	0.5146	0	0
Mye_4	feat_contrib	dna	event	event.sv.SIMPLE_DUP_100KB_5MB	0	0	0	0	0
Mye_4	feat_contrib	dna	event	event.sv.MAX_COMPLEX_SIZE	2	0	0	-0.1722	0
Mye_4	feat_contrib	dna	event	event.sv.TELOMERIC_SGL	0	0	0	0	0
Mye_4	feat_contrib	dna	event	event.tmb.snv_count	537	0	0	0	-0.5699
Mye_4	feat_contrib	dna	event	event.tmb.indels_per_mb	0.0035	0	0	-0.3094	0
Mye_4	sig_quantile			AID/APOBEC (SBS2/13)	0	0	0	0	0
Mye_4	sig_quantile			MMRD (SBS6)	0	0	0	0	0
Mye_4	sig_quantile			ROS/5FU (SBS17)	0	0	0	0	0
Mye_4	sig_quantile			Smoking (SBS4)	0	0	0	0	0
Mye_4	sig_quantile			UV (SBS7)	0	0	0	0	0
Gyn_11	prob	combined	combined			0.8497		0.0002124	0.1501
Gyn_11	prob	dna	dna_combined			0.8002	0.05846	0	0.1414
Gyn_11	prob	rna	rna_combined			0.5		0	0.5
Gyn_11	prob	dna	gen_pos			0.2838	0.1145	0.2241	0.3776
Gyn_11	prob	dna	snv96			0.812	0.01937	0.0825	0.08609
Gyn_11	prob	dna	event			0.3259	0.09289	0.2628	0.3185
Gyn_11	prob	rna	gene_exp			0.8705		0.00279	0.1267
Gyn_11	prob	rna	alt_sj			0.8705		0.00279	0.1267
Gyn_11	feat_contrib	dna	event	_prior		0.3534	-0.2716	0.2349	0.2116
Gyn_11	feat_contrib	dna	event	event.sv.LINE	16	0	0	0	0
Gyn_11	feat_contrib	dna	event	event.sv.SIMPLE_DEL_20KB_1MB	31	0	-1.145	0	0
Gyn_11	feat_contrib	dna	event	event.sv.SIMPLE_DUP_32B_200B	0	0	0.5146	0	0
Gyn_11	feat_contrib	dna	event	event.sv.SIMPLE_DUP_100KB_5MB	76	0	0	0	0
Gyn_11	feat_contrib	dna	event	event.sv.MAX_COMPLEX_SIZE	24	0	0	0.03009	0
Gyn_11	feat_contrib	dna	event	event.sv.TELOMERIC_SGL	1	0	0	0	0
Gyn_11	feat_contrib	dna	event	event.tmb.snv_count	1.15e+04	0	0	0	0.1189
Gyn_11	feat_contrib	dna	event	event.tmb.indels_per_mb	0.0773	0	0	-0.1268	0
Gyn_11	sig_quantile			AID/APOBEC (SBS2/13)	329.5	0.5306	21.97	0.4417	0.1809
Gyn_11	sig_quantile			MMRD (SBS6)	0	0	0	0	0
Gyn_11	sig_quantile			ROS/5FU (SBS17)	0	0	0	0	0
Gyn_11	sig_quantile			Smoking (SBS4)	0	0	0	0	0
Gyn_11	sig_quantile			UV (SBS7)	251.1	1.308	3.348	2.157	0.3337
Pro_1	prob	combined	combined			0.0002187		0.8357	0.1641
Pro_1	prob	dna	dna_combined			0	0.08571	0.7643	0.15
Pro_1	prob	rna	rna_combined			0		0.5	0.5
Pro_1	prob	dna	gen_pos			0.1787	0.1518	0.4361	0.2334
Pro_1	prob	dna	snv96			0.08741	0.03239	0.8226	0.0576
Pro_1	prob	dna	event			0.3078	0.1191	0.2893	0.2839
Pro_1	prob	rna	gene_exp			0.8705		0.00279	0.1267
Pro_1	prob	rna	alt_sj			0.8705		0.00279	0.1267
Pro_1	feat_contrib	dna	event	_prior		0.08569	-0.584	-0.03227	0.08839
Pro_1	feat_contrib	dna	event	event.sv.LINE	3	0	0	0	0
Pro_1	feat_contrib	dna	event	event.sv.SIMPLE_DEL_20KB_1MB	6	0	0.08912	0	0
Pro_1	feat_contrib	dna	event	event.sv.SIMPLE_DUP_32B_200B	3	0	-0.2039	0	0.08158
Pro_1	feat_contrib	dna	event	event.sv.SIMPLE_DUP_100KB_5MB	15	0.1651	0	0	0
Pro_1	feat_contrib	dna	event	event.sv.MAX_COMPLEX_SIZE	23	0	0	0.0514	0
Pro_1	feat_contrib	dna	event	event.sv.TELOMERIC_SGL	0	0	0	0	0
Pro_1	feat_contrib	dna	event	event.tmb.snv_count	4968	0	0	0	0
Pro_1	feat_contrib	dna	event	event.tmb.indels_per_mb	0.2518	0	0	0.1698	0
Pro_1	sig_quantile			AID/APOBEC (SBS2/13)	77.4	0.05502	5.16	0.06707	0.3356
Pro_1	sig_quantile			MMRD (SBS6)	0	0	0	0	0
Pro_1	sig_quantile			ROS/5FU (SBS17)	0	0	0	0	0
Pro_1	sig_quantile			Smoking (SBS4)	0	0	0	0	0
Pro_1	sig_quantile			UV (SBS7)	0	0	0	0	0
Ski_4	prob	combined	combined			0.0002082		0.0674	0.9324
Ski_4	prob	dna	dna_combined			0	0.03975	0.06474	0.8955
Ski_4	prob	rna	rna_combined			0		0.5	0.5
Ski_4	prob	dna	gen_pos			0.1773	0.05889	0.1435	0.6204
Ski_4	prob	dna	snv96			0.00179	0.0001181	0.0001872	0.9979
Ski_4	prob	dna	event			0.2975	0.07921	0.3074	0.3159
Ski_4	prob	rna	gene_exp			0.8705		0.00279	0.1267
Ski_4	prob	rna	alt_sj			0.8705		0.00279	0.1267
Ski_4	feat_contrib	dna	event	_prior		0.08569	-0.584	-0.03227	0.08839
Ski_4	feat_contrib	dna	event	event.sv.LINE	199	0	0	0	0
Ski_4	feat_contrib	dna	event	event.sv.SIMPLE_DEL_20KB_1MB	13	0	-0.4254	0	0
Ski_4	feat_contrib	dna	event	event.sv.SIMPLE_DUP_32B_200B	3	0	-0.2039	0	0.08158
Ski_4	feat_contrib	dna	event	event.sv.SIMPLE_DUP_100KB_5MB	7	0.02437	0	0	0
Ski_4	feat_contrib	dna	event	event.sv.MAX_COMPLEX_SIZE	15	0	0	-0.06297	0
Ski_4	feat_contrib	dna	event	event.sv.TELOMERIC_SGL	4	0	0	0	0
Ski_4	feat_contrib	dna	event	event.tmb.snv_count	6.389e+05	0	0	0	0
Ski_4	feat_contrib	dna	event	event.tmb.indels_per_mb	0.3078	0	0	0.238	0
Ski_4	sig_quantile			AID/APOBEC (SBS2/13)	4.239e+04	3.2	2826	37.82	2.335
Ski_4	sig_quantile			MMRD (SBS6)	0	0	0	0	0
Ski_4	sig_quantile			ROS/5FU (SBS17)	0	0	0	0	0
Ski_4	sig_quantile			Smoking (SBS4)	0	0	0	0	0
Ski_4	sig_quantile			UV (SBS7)	5.093e+05	2028	6791	4376	1.242
Mye_1	prob	combined	combined						
Mye_1	prob	dna	dna_combined			0	0.9956	0.001602	0.002809
Mye_1	prob	rna	rna_combined						
Mye_1	prob	dna	gen_pos			0.2165	0.2867	0.1985	0.2983
Mye_1	prob	dna	snv96			0.1089	0.7151	0.09235	0.08361
Mye_1	prob	dna	event			0.1377	0.5789	0.09168	0.1917
Mye_1	prob	rna	gene_exp						
Mye_1	prob	rna	alt_sj						
Mye_1	feat_contrib	dna	event	_prior		0.08569	-0.584	-0.03227	0.08839
Mye_1	feat_contrib	dna	event	event.sv.LINE	0	0	0	0	0
Mye_1	feat_contrib	dna	event	event.sv.SIMPLE_DEL_20KB_1MB	0	0	1.534	0	0
Mye_1	feat_contrib	dna	event	event.sv.SIMPLE_DUP_32B_200B	1	0	0.1743	0	-0.06974
Mye_1	feat_contrib	dna	event	event.sv.SIMPLE_DUP_100KB_5MB	0	-0.3978	0	0	0
Mye_1	feat_contrib	dna	event	event.sv.MAX_COMPLEX_SIZE	2	0	0	-0.5351	0
Mye_1	feat_contrib	dna	event	event.sv.TELOMERIC_SGL	0	0	0	0	0
Mye_1	feat_contrib	dna	event	event.tmb.snv_count	1462	0	0	0	0
Mye_1	feat_contrib	dna	event	event.tmb.indels_per_mb	0.0185	0	0	-0.1515	0
Mye_1	sig_quantile			AID/APOBEC (SBS2/13)	12	0.00332	0.9685	0	0.07782
Mye_1	sig_quantile			MMRD (SBS6)	0	0	0	0	0
Mye_1	sig_quantile			ROS/5FU (SBS17)	0	0	0	0	0
Mye_1	sig_quantile			Smoking (SBS4)	0	0	0	0	0
Mye_1	sig_quantile			UV (SBS7)	0	0	0	0	0
Gyn_1	prob	combined	combined			0.7926		0.0002609	0.2071
Gyn_1	prob	dna	dna_combined			0.6076	0.2336	0	0.1588
Gyn_1	prob	rna	rna_combined			0.5		0	0.5
Gyn_1	prob	dna	gen_pos			0.3307	0.2521	0.1837	0.2334
Gyn_1	prob	dna	snv96			0.3454	0.2639	0.2529	0.1378
Gyn_1	prob	dna	event			0.1541	0.5194	0.09198	0.2344
Gyn_1	prob	rna	gene_exp			0.8705		0.00279	0.1267
Gyn_1	prob	rna	alt_sj			0.8705		0.00279	0.1267
Gyn_1	feat_contrib	dna	event	_prior		0.08569	-0.584	-0.03227	0.08839
Gyn_1	feat_contrib	dna	event	event.sv.LINE	0	0	0	0	0
Gyn_1	feat_contrib	dna	event	event.sv.SIMPLE_DEL_20KB_1MB	0	0	1.534	0	0
Gyn_1	feat_contrib	dna	event	event.sv.SIMPLE_DUP_32B_200B	2	0	-0.04691	0	0.01877
Gyn_1	feat_contrib	dna	event	event.sv.SIMPLE_DUP_100KB_5MB	0	-0.3978	0	0	0
Gyn_1	feat_contrib	dna	event	event.sv.MAX_COMPLEX_SIZE	1	0	0	-0.6495	0
Gyn_1	feat_contrib	dna	event	event.sv.TELOMERIC_SGL	0	0	0	0	0
Gyn_1	feat_contrib	dna	event	event.tmb.snv_count	1949	0	0	0	0
Gyn_1	feat_contrib	dna	event	event.tmb.indels_per_mb	0.0217	0	0	-0.1466	0
Gyn_1	sig_quantile			AID/APOBEC (SBS2/13)	15.3	0.005929	1.02	0	0.09922
Gyn_1	sig_quantile			MMRD (SBS6)	2.8	0.503	inf	inf	0.8404
Gyn_1	sig_quantile			ROS/5FU (SBS17)	0	0	0	0	0
Gyn_1	sig_quantile			Smoking (SBS4)	0	0	0	0	0
Gyn_1	sig_quantile			UV (SBS7)	27	0.6178	0.92	0.6297	0.2561
Pro_4	prob	combined	combined						
Pro_4	prob	dna	dna_combined			0	0.1133	0.579	0.3076
Pro_4	prob	rna	rna_combined						
Pro_4	prob	dna	gen_pos			0.2143	0.1318	0.3263	0.3276
Pro_4	prob	dna	snv96			0.4386	0.014	0.4249	0.1225
Pro_4	prob	dna	event			0.3346	0.02631	0.3804	0.2587
Pro_4	prob	rna	gene_exp						
Pro_4	prob	rna	alt_sj						
Pro_4	feat_contrib	dna	event	_prior		0.04157	-0.6099	-0.1769	0.0049
Pro_4	feat_contrib	dna	event	event.sv.LINE	30	0	0	0	0
Pro_4	feat_contrib	dna	event	event.sv.SIMPLE_DEL_20KB_1MB	32	0	-1.316	0	0
Pro_4	feat_contrib	dna	event	event.sv.SIMPLE_DUP_32B_200B	4	0	-0.3427	0	0.006837
Pro_4	feat_contrib	dna	event	event.sv.SIMPLE_DUP_100KB_5MB	34	0.1942	0	0	0
Pro_4	feat_contrib	dna	event	event.sv.MAX_COMPLEX_SIZE	588	0	0	0.6324	0
Pro_4	feat_contrib	dna	event	event.sv.TELOMERIC_SGL	3	0	0	0	0
Pro_4	feat_contrib	dna	event	event.tmb.snv_count	6383	0	0	0	0.00541
Pro_4	feat_contrib	dna	event	event.tmb.indels_per_mb	0.0997	0.03833	0	-0.05304	0
Pro_4	sig_quantile			AID/APOBEC (SBS2/13)	1121	0.8964	74.73	1.708	0.2185
Pro_4	sig_quantile			MMRD (SBS6)	0	0	0	0	0
Pro_4	sig_quantile			ROS/5FU (SBS17)	0	0	0	0	0
Pro_4	sig_quantile			Smoking (SBS4)	0	0	0	0	0
Pro_4	sig_quantile			UV (SBS7)	0	0	0	0	0
Ski_2	prob	combined	combined			0.0002188		0.6117	0.3881
Ski_2	prob	dna	dna_combined			0	0.08616	0.5591	0.3547
Ski_2	prob	rna	rna_combined			0		0.5	0.5
Ski_2	prob	dna	gen_pos			0.2044	0.07423	0.1348	0.5866
Ski_2	prob	dna	snv96			0.1272	0.002637	0.7723	0.09785
Ski_2	prob	dna	event			0.2893	0.0572	0.2967	0.3568
Ski_2	prob	rna	gene_exp			0.3617		0.3669	0.2714
Ski_2	prob	rna	alt_sj			0.3617		0.3669	0.2714
Ski_2	feat_contrib	dna	event	_prior		0.04157	-0.6099	-0.1769	0.0049
Ski_2	feat_contrib	dna	event	event.sv.LINE	226	0	0	0	0
Ski_2	feat_contrib	dna	event	event.sv.SIMPLE_DEL_20KB_1MB	13	0	-0.6129	0	0
Ski_2	feat_contrib	dna	event	event.sv.SIMPLE_DUP_32B_200B	5	0	-0.4478	0	0.008932
Ski_2	feat_contrib	dna	event	event.sv.SIMPLE_DUP_100KB_5MB	6	0.01787	0	0	0
Ski_2	feat_contrib	dna	event	event.sv.MAX_COMPLEX_SIZE	15	0	0	0.001264	0
Ski_2	feat_contrib	dna	event	event.sv.TELOMERIC_SGL	2	0	0	0	0
Ski_2	feat_contrib	dna	event	event.tmb.snv_count	7.472e+04	0	0	0	0.1462
Ski_2	feat_contrib	dna	event	event.tmb.indels_per_mb	0.1875	-0.1093	0	0.1513	0
Ski_2	sig_quantile			AID/APOBEC (SBS2/13)	0	0	0	0	0
Ski_2	sig_quantile			MMRD (SBS6)	0	0	0	0	0
Ski_2	sig_quantile			ROS/5FU (SBS17)	0	0	0	0	0
Ski_2	sig_quantile			Smoking (SBS4)	0	0	0	0	0
Ski_2	sig_quantile			UV (SBS7)	0	0	0	0	0
Mye_10	prob	combined	combined						
Mye_10	prob	dna	dna_combined			0	0.9981	0	0.001933
Mye_10	prob	rna	rna_combined						
Mye_10	prob	dna	gen_pos			0.2483	0.3011	0.2068	0.2438
Mye_10	prob	dna	snv96			0.08075	0.7925	0.05648	0.07027
Mye_10	prob	dna	event			0.1524	0.6594	0.06195	0.1262
Mye_10	prob	rna	gene_exp						
Mye_10	prob	rna	alt_sj						
Mye_10	feat_contrib	dna	event	_prior		0.04157	-0.6099	-0.1769	0.0049
Mye_10	feat_contrib	dna	event	event.sv.LINE	0	0	0	0	0
Mye_10	feat_contrib	dna	event	event.sv.SIMPLE_DEL_20KB_1MB	0	0	1.551	0	0
Mye_10	feat_contrib	dna	event	event.sv.SIMPLE_DUP_32B_200B	0	0	0.5843	0	-0.01166
Mye_10	feat_contrib	dna	event	event.sv.SIMPLE_DUP_100KB_5MB	0	-0.1954	0	0	0
Mye_10	feat_contrib	dna	event	event.sv.MAX_COMPLEX_SIZE	2	0	0	-0.366	0
Mye_10	feat_contrib	dna	event	event.sv.TELOMERIC_SGL	0	0	0	0	0
Mye_10	feat_contrib	dna	event	event.tmb.snv_count	700	0	0	0	-0.121
Mye_10	feat_contrib	dna	event	event.tmb.indels_per_mb	0.0035	0.2143	0	-0.2965	0
Mye_10	sig_quantile			AID/APOBEC (SBS2/13)	0	0	0	0	0
Mye_10	sig_quantile			MMRD (SBS6)	0	0	0	0	0
Mye_10	sig_quantile			ROS/5FU (SBS17)	0	0	0	0	0
Mye_10	sig_quantile			Smoking (SBS4)	0	0	0	0	0
Mye_10	sig_quantile			UV (SBS7)	0	0	0	0	0
Gyn_7	prob	combined	combined			0.8867		0.0002089	0.1131
Gyn_7	prob	dna	dna_combined			0.8489	0.04286	0	0.1083
Gyn_7	prob	rna	rna_combined			0.5		0	0.5
Gyn_7	prob	dna	gen_pos			0.5083	0.09135	0.09405	0.3063
Gyn_7	prob	dna	snv96			0.7626	0.00206	0.1808	0.05455
Gyn_7	prob	dna	event			0.2151	0.01465	0.5343	0.236
Gyn_7	prob	rna	gene_exp			0.3617		0.3669	0.2714
Gyn_7	prob	rna	alt_sj			0.3617		0.3669	0.2714
Gyn_7	feat_contrib	dna	event	_prior		0.04157	-0.6099	-0.1769	0.0049
Gyn_7	feat_contrib	dna	event	event.sv.LINE	21	0	0	0	0
Gyn_7	feat_contrib	dna	event	event.sv.SIMPLE_DEL_20KB_1MB	112	0	-2.032	0	0
Gyn_7	feat_contrib	dna	event	event.sv.SIMPLE_DUP_32B_200B	2	0	-0.0485	0	0.0009675
Gyn_7	feat_contrib	dna	event	event.sv.SIMPLE_DUP_100KB_5MB	300	0.2806	0	0	0
Gyn_7	feat_contrib	dna	event	event.sv.MAX_COMPLEX_SIZE	309	0	0	0.6324	0
Gyn_7	feat_contrib	dna	event	event.sv.TELOMERIC_SGL	0	0	0	0	0
Gyn_7	feat_contrib	dna	event	event.tmb.snv_count	2.496e+04	0	0	0	0.08347
Gyn_7	feat_contrib	dna	event	event.tmb.indels_per_mb	0.3291	-0.3258	0	0.4509	0
Gyn_7	sig_quantile			AID/APOBEC (SBS2/13)	1765	0.9052	117.7	2.689	0.2491
Gyn_7	sig_quantile			MMRD (SBS6)	886.6	1.194	inf	inf	13.49
Gyn_7	sig_quantile			ROS/5FU (SBS17)	117.5	0.9143	1.362	inf	0.8387
Gyn_7	sig_quantile			Smoking (SBS4)	0	0	0	0	0
Gyn_7	sig_quantile			UV (SBS7)	0	0	0	0	0
Pro_7	prob	combined	combined						
Pro_7	prob	dna	dna_combined			0	0.1356	0.6257	0.2387
Pro_7	prob	rna	rna_combined						
Pro_7	prob	dna	gen_pos			0.209	0.1709	0.3276	0.2926
Pro_7	prob	dna	snv96			0.1197	0.1103	0.6439	0.1261
Pro_7	prob	dna	event			0.2736	0.1068	0.3171	0.3026
Pro_7	prob	rna	gene_exp						
Pro_7	prob	rna	alt_sj						
Pro_7	feat_contrib	dna	event	_prior		0.2532	-0.3627	0.0676	0.2071
Pro_7	feat_contrib	dna	event	event.sv.LINE	18	0	0	0	0
Pro_7	feat_contrib	dna	event	event.sv.SIMPLE_DEL_20KB_1MB	4	0	0.2366	0	0
Pro_7	feat_contrib	dna	event	event.sv.SIMPLE_DUP_32B_200B	8	0	-0.6054	0	0.1609
Pro_7	feat_contrib	dna	event	event.sv.SIMPLE_DUP_100KB_5MB	3	-0.04408	0	0	0
Pro_7	feat_contrib	dna	event	event.sv.MAX_COMPLEX_SIZE	53	0	0	0.3041	-0.008279
Pro_7	feat_contrib	dna	event	event.sv.TELOMERIC_SGL	0	0	0	0	0
Pro_7	feat_contrib	dna	event	event.tmb.snv_count	3565	0	0	0	-0.04965
Pro_7	feat_contrib	dna	event	event.tmb.indels_per_mb	0.1214	0	0	-0.01491	0
Pro_7	sig_quantile			AID/APOBEC (SBS2/13)	97.7	0.1692	6.513	0.1454	0.3366
Pro_7	sig_quantile			MMRD (SBS6)	0	0	0	0	0
Pro_7	sig_quantile			ROS/5FU (SBS17)	0	0	0	0	0
Pro_7	sig_quantile			Smoking (SBS4)	0	0	0	0	0
Pro_7	sig_quantile			UV (SBS7)	15	0.5556	0.9	0.5718	0.0497
Ski_7	prob	combined	combined			0.0002309		0.6598	0.34
Ski_7	prob	dna	dna_combined			0	0.1339	0.5716	0.2945
Ski_7	prob	rna	rna_combined			0		0.5	0.5
Ski_7	prob	dna	gen_pos			0.3441	0.08865	0.2475	0.3197
Ski_7	prob	dna	snv96			0.644	0.005547	0.31	0.04047
Ski_7	prob	dna	event			0.2755	0.01561	0.4101	0.2987
Ski_7	prob	rna	gene_exp			0.3617		0.3669	0.2714
Ski_7	prob	rna	alt_sj			0.3617		0.3669	0.2714
Ski_7	feat_contrib	dna	event	_prior		0.2532	-0.3627	0.0676	0.2071
Ski_7	feat_contrib	dna	event	event.sv.LINE	106	0	0	0	0
Ski_7	feat_contrib	dna	event	event.sv.SIMPLE_DEL_20KB_1MB	78	0	-1.771	0	0
Ski_7	feat_contrib	dna	event	event.sv.SIMPLE_DUP_32B_200B	5	0	-0.4021	0	0.1068
Ski_7	feat_contrib	dna	event	event.sv.SIMPLE_DUP_100KB_5MB	16	0.08161	0	0	0
Ski_7	feat_contrib	dna	event	event.sv.MAX_COMPLEX_SIZE	119	0	0	0.5194	-0.01414
Ski_7	feat_contrib	dna	event	event.sv.TELOMERIC_SGL	1	0	0	0	0
Ski_7	feat_contrib	dna	event	event.tmb.snv_count	2.619e+04	0	0	0	0.1159
Ski_7	feat_contrib	dna	event	event.tmb.indels_per_mb	0.198	0	0	0.1457	0
Ski_7	sig_quantile			AID/APOBEC (SBS2/13)	1.393e+04	1.052	928.6	12.42	0.7832
Ski_7	sig_quantile			MMRD (SBS6)	65.7	0.639	inf	inf	inf
Ski_7	sig_quantile			ROS/5FU (SBS17)	3650	4.446	42.3	inf	inf
Ski_7	sig_quantile			Smoking (SBS4)	0	0	0	0	0
Ski_7	sig_quantile			UV (SBS7)	0	0	0	0	0
Mye_9	prob	combined	combined						
Mye_9	prob	dna	dna_combined			0	0.996	0.001449	0.002539
Mye_9	prob	rna	rna_combined						
Mye_9	prob	dna	gen_pos			0.2755	0.2493	0.2132	0.2621
Mye_9	prob	dna	snv96			0.08011	0.7172	0.09281	0.1098
Mye_9	prob	dna	event			0.1545	0.6604	0.07025	0.1148
Mye_9	prob	rna	gene_exp						
Mye_9	prob	rna	alt_sj						
Mye_9	feat_contrib	dna	event	_prior		0.2532	-0.3627	0.0676	0.2071
Mye_9	feat_contrib	dna	event	event.sv.LINE	2	0	0	0	0
Mye_9	feat_contrib	dna	event	event.sv.SIMPLE_DEL_20KB_1MB	0	0	1.407	0	0
Mye_9	feat_contrib	dna	event	event.sv.SIMPLE_DUP_32B_200B	0	0	0.4966	0	-0.132
Mye_9	feat_contrib	dna	event	event.sv.SIMPLE_DUP_100KB_5MB	0	-0.1645	0	0	0
Mye_9	feat_contrib	dna	event	event.sv.MAX_COMPLEX_SIZE	2	0	0	-0.4754	0.01294
Mye_9	feat_contrib	dna	event	event.sv.TELOMERIC_SGL	0	0	0	0	0
Mye_9	feat_contrib	dna	event	event.tmb.snv_count	182	0	0	0	-0.2962
Mye_9	feat_contrib	dna	event	event.tmb.indels_per_mb	0.0007	0	0	-0.2917	0
Mye_9	sig_quantile			AID/APOBEC (SBS2/13)	0.8	0	0.5208	0	0.005188
Mye_9	sig_quantile			MMRD (SBS6)	0	0	0	0	0
Mye_9	sig_quantile			ROS/5FU (SBS17)	0	0	0	0	0
Mye_9	sig_quantile			Smoking (SBS4)	0	0	0	0	0
Mye_9	sig_quantile			UV (SBS7)	0	0	0	0	0
Gyn_8	prob	combined	combined			0.8929		0.0002106	0.1069
Gyn_8	prob	dna	dna_combined			0.848	0.05045	0	0.1016
Gyn_8	prob	rna	rna_combined			0.5		0	0.5
Gyn_8	prob	dna	gen_pos			0.4087	0.1075	0.1574	0.3265
Gyn_8	prob	dna	snv96			0.8388	0.01199	0.1199	0.02937
Gyn_8	prob	dna	event			0.37	0.05387	0.227	0.3491
Gyn_8	prob	rna	gene_exp			0.3617		0.3669	0.2714
Gyn_8	prob	rna	alt_sj			0.3617		0.3669	0.2714
Gyn_8	feat_contrib	dna	event	_prior		0.2532	-0.3627	0.0676	0.2071
Gyn_8	feat_contrib	dna	event	event.sv.LINE	14	0	0	0	0
Gyn_8	feat_contrib	dna	event	event.sv.SIMPLE_DEL_20KB_1MB	27	0	-1.017	0	0
Gyn_8	feat_contrib	dna	event	event.sv.SIMPLE_DUP_32B_200B	3	0	-0.1987	0	0.0528
Gyn_8	feat_contrib	dna	event	event.sv.SIMPLE_DUP_100KB_5MB	19	0.09572	0	0	0
Gyn_8	feat_contrib	dna	event	event.sv.MAX_COMPLEX_SIZE	14	0	0	-0.04134	0.001126
Gyn_8	feat_contrib	dna	event	event.sv.TELOMERIC_SGL	0	0	0	0	0
Gyn_8	feat_contrib	dna	event	event.tmb.snv_count	9260	0	0	0	0.02959
Gyn_8	feat_contrib	dna	event	event.tmb.indels_per_mb	0.0539	0	0	-0.1658	0
Gyn_8	sig_quantile			AID/APOBEC (SBS2/13)	652.3	0.7247	43.49	0.8615	0.3629
Gyn_8	sig_quantile			MMRD (SBS6)	93.2	0.6561	inf	inf	inf
Gyn_8	sig_quantile			ROS/5FU (SBS17)	0	0	0	0	0
Gyn_8	sig_quantile			Smoking (SBS4)	0	0	0	0	0
Gyn_8	sig_quantile			UV (SBS7)	0	0	0	0	0
Pro_6	prob	combined	combined						
Pro_6	prob	dna	dna_combined			0	0.09306	0.6356	0.2713
Pro_6	prob	rna	rna_combined						
Pro_6	prob	dna	gen_pos			0.1898	0.1296	0.3107	0.3699
Pro_6	prob	dna	snv96			0.2747	0.01242	0.6252	0.0877
Pro_6	prob	dna	event			0.2786	0.02045	0.3049	0.3961
Pro_6	prob	rna	gene_exp						
Pro_6	prob	rna	alt_sj						
Pro_6	feat_contrib	dna	event	_prior		0.1249	-0.4836	-0.01607	0.06002
Pro_6	feat_contrib	dna	event	event.sv.LINE	58	0	0	0	0
Pro_6	feat_contrib	dna	event	event.sv.SIMPLE_DEL_20KB_1MB	29	0	-1.032	0	0
Pro_6	feat_contrib	dna	event	event.sv.SIMPLE_DUP_32B_200B	12	0	-0.8165	0	0.5689
Pro_6	feat_contrib	dna	event	event.sv.SIMPLE_DUP_100KB_5MB	31	0.1548	0	0	0
Pro_6	feat_contrib	dna	event	event.sv.MAX_COMPLEX_SIZE	47	0	0	0.3121	0
Pro_6	feat_contrib	dna	event	event.sv.TELOMERIC_SGL	0	0	0	0	0
Pro_6	feat_contrib	dna	event	event.tmb.snv_count	7563	0	0	0	0.002743
Pro_6	feat_contrib	dna	event	event.tmb.indels_per_mb	0.2592	0	0	0.074	0
Pro_6	sig_quantile			AID/APOBEC (SBS2/13)	656.4	0.6676	43.76	0.8845	0.3112
Pro_6	sig_quantile			MMRD (SBS6)	0	0	0	0	0
Pro_6	sig_quantile			ROS/5FU (SBS17)	0	0	0	0	0
Pro_6	sig_quantile			Smoking (SBS4)	0	0	0	0	0
Pro_6	sig_quantile			UV (SBS7)	26.1	0.5519	0.9185	0.6649	0.217
Mye_8	prob	combined	combined						
Mye_8	prob	dna	dna_combined			0	0.7619	0.08657	0.1515
Mye_8	prob	rna	rna_combined						
Mye_8	prob	dna	gen_pos			0.2549	0.2733	0.2023	0.2696
Mye_8	prob	dna	snv96			0.05282	0.7935	0.08471	0.06902
Mye_8	prob	dna	event			0.1439	0.6711	0.08189	0.1031
Mye_8	prob	rna	gene_exp						
Mye_8	prob	rna	alt_sj						
Mye_8	feat_contrib	dna	event	_prior		0.1249	-0.4836	-0.01607	0.06002
Mye_8	feat_contrib	dna	event	event.sv.LINE	2	0	0	0	0
Mye_8	feat_contrib	dna	event	event.sv.SIMPLE_DEL_20KB_1MB	0	0	1.361	0	0
Mye_8	feat_contrib	dna	event	event.sv.SIMPLE_DUP_32B_200B	0	0	0.6104	0	-0.4253
Mye_8	feat_contrib	dna	event	event.sv.SIMPLE_DUP_100KB_5MB	0	-0.1769	0	0	0
Mye_8	feat_contrib	dna	event	event.sv.MAX_COMPLEX_SIZE	2	0	0	-0.5256	0
Mye_8	feat_contrib	dna	event	event.sv.TELOMERIC_SGL	0	0	0	0	0
Mye_8	feat_contrib	dna	event	event.tmb.snv_count	1452	0	0	0	-0.01945
Mye_8	feat_contrib	dna	event	event.tmb.indels_per_mb	0.0091	0	0	-0.07384	0
Mye_8	sig_quantile			AID/APOBEC (SBS2/13)	0	0	0	0	0
Mye_8	sig_quantile			MMRD (SBS6)	0	0	0	0	0
Mye_8	sig_quantile			ROS/5FU (SBS17)	0	0	0	0	0
Mye_8	sig_quantile			Smoking (SBS4)	0	0	0	0	0
Mye_8	sig_quantile			UV (SBS7)	0	0	0	0	0
Gyn_5	prob	combined	combined						
Gyn_5	prob	dna	dna_combined			0.8136	0.05254	0	0.1339
Gyn_5	prob	rna	rna_combined						
Gyn_5	prob	dna	gen_pos			0.4544	0.1022	0.1353	0.3081
Gyn_5	prob	dna	snv96			0.5755	0.003138	0.3516	0.06978
Gyn_5	prob	dna	event			0.2797	0.03815	0.3843	0.2979
Gyn_5	prob	rna	gene_exp						
Gyn_5	prob	rna	alt_sj						
Gyn_5	feat_contrib	dna	event	_prior		0.1249	-0.4836	-0.01607	0.06002
Gyn_5	feat_contrib	dna	event	event.sv.LINE	53	0	0	0	0
Gyn_5	feat_contrib	dna	event	event.sv.SIMPLE_DEL_20KB_1MB	22	0	-0.8449	0	0
Gyn_5	feat_contrib	dna	event	event.sv.SIMPLE_DUP_32B_200B	4	0	-0.387	0	0.2696
Gyn_5	feat_contrib	dna	event	event.sv.SIMPLE_DUP_100KB_5MB	30	0.1517	0	0	0
Gyn_5	feat_contrib	dna	event	event.sv.MAX_COMPLEX_SIZE	136	0	0	0.629	0
Gyn_5	feat_contrib	dna	event	event.sv.TELOMERIC_SGL	0	0	0	0	0
Gyn_5	feat_contrib	dna	event	event.tmb.snv_count	1.302e+04	0	0	0	0.01005
Gyn_5	feat_contrib	dna	event	event.tmb.indels_per_mb	0.0965	0	0	-0.01838	0
Gyn_5	sig_quantile			AID/APOBEC (SBS2/13)	492.8	0.6118	32.85	0.7067	0.3046
Gyn_5	sig_quantile			MMRD (SBS6)	0	0	0	0	0
Gyn_5	sig_quantile			ROS/5FU (SBS17)	0	0	0	0	0
Gyn_5	sig_quantile			Smoking (SBS4)	0	0	0	0	0
Gyn_5	sig_quantile			UV (SBS7)	0	0	0	0	0
Gyn_12	prob	combined	combined			0.8047		0.0002152	0.1951
Gyn_12	prob	dna	dna_combined			0.7479	0.07078	0	0.1813
Gyn_12	prob	rna	rna_combined			0.5		0	0.5
Gyn_12	prob	dna	gen_pos			0.2711	0.1298	0.2301	0.369
Gyn_12	prob	dna	snv96			0.5725	0.01668	0.3413	0.06958
Gyn_12	prob	dna	event			0.2982	0.06953	0.3026	0.3296
Gyn_12	prob	rna	gene_exp			0.08214		0.8509	0.067
Gyn_12	prob	rna	alt_sj			0.08214		0.8509	0.067
Gyn_12	feat_contrib	dna	event	_prior		0.1249	-0.4836	-0.01607	0.06002
Gyn_12	feat_contrib	dna	event	event.sv.LINE	28	0	0	0	0
Gyn_12	feat_contrib	dna	event	event.sv.SIMPLE_DEL_20KB_1MB	15	0	-0.5895	0	0
Gyn_12	feat_contrib	dna	event	event.sv.SIMPLE_DUP_32B_200B	3	0	-0.2487	0	0.1733
Gyn_12	feat_contrib	dna	event	event.sv.SIMPLE_DUP_100KB_5MB	6	0.009324	0	0	0
Gyn_12	feat_contrib	dna	event	event.sv.MAX_COMPLEX_SIZE	33	0	0	0.2079	0
Gyn_12	feat_contrib	dna	event	event.sv.TELOMERIC_SGL	0	0	0	0	0
Gyn_12	feat_contrib	dna	event	event.tmb.snv_count	6678	0	0	0	0.001069
Gyn_12	feat_contrib	dna	event	event.tmb.indels_per_mb	0.0567	0	0	-0.04306	0
Gyn_12	sig_quantile			AID/APOBEC (SBS2/13)	134.3	0.1881	8.953	0.2939	0.29
Gyn_12	sig_quantile			MMRD (SBS6)	0	0	0	0	0
Gyn_12	sig_quantile			ROS/5FU (SBS17)	0	0	0	0	0
Gyn_12	sig_quantile			Smoking (SBS4)	237.5	0.9204	0.9613	inf	inf
Gyn_12	sig_quantile			UV (SBS7)	0	0	0	0	0
Pro_3	prob	combined	combined						
Pro_3	prob	dna	dna_combined			0	0.08584	0.7363	0.1779
Pro_3	prob	rna	rna_combined						
Pro_3	prob	dna	gen_pos			0.1855	0.1532	0.36	0.3012
Pro_3	prob	dna	snv96			0.08698	0.05333	0.8217	0.038
Pro_3	prob	dna	event			0.2412	0.06422	0.3166	0.3779
Pro_3	prob	rna	gene_exp						
Pro_3	prob	rna	alt_sj						
Pro_3	feat_contrib	dna	event	_prior		-0.09907	-0.7724	-0.2325	-0.1158
Pro_3	feat_contrib	dna	event	event.sv.LINE	22	0	0	0	0
Pro_3	feat_contrib	dna	event	event.sv.SIMPLE_DEL_20KB_1MB	8	0	-0.145	0	0
Pro_3	feat_contrib	dna	event	event.sv.SIMPLE_DUP_32B_200B	8	0	-0.8044	0	0.167
Pro_3	feat_contrib	dna	event	event.sv.SIMPLE_DUP_100KB_5MB	4	-0.06488	0	0	0
Pro_3	feat_contrib	dna	event	event.sv.MAX_COMPLEX_SIZE	22	0	0	0.03306	0
Pro_3	feat_contrib	dna	event	event.sv.TELOMERIC_SGL	0	0	0	0	0
Pro_3	feat_contrib	dna	event	event.tmb.snv_count	4244	0	0	0	-0.0005783
Pro_3	feat_contrib	dna	event	event.tmb.indels_per_mb	0.2504	-0.2344	0	0.07295	0
Pro_3	sig_quantile			AID/APOBEC (SBS2/13)	53.9	0.03604	3.593	0	0.2867
Pro_3	sig_quantile			MMRD (SBS6)	0	0	0	0	0
Pro_3	sig_quantile			ROS/5FU (SBS17)	0	0	0	0	0
Pro_3	sig_quantile			Smoking (SBS4)	0	0	0	0	0
Pro_3	sig_quantile			UV (SBS7)	0	0	0	0	0
Mye_7	prob	combined	combined						
Mye_7	prob	dna	dna_combined			0	0.809	0	0.191
Mye_7	prob	rna	rna_combined						
Mye_7	prob	dna	gen_pos			0.2274	0.3132	0.2067	0.2527
Mye_7	prob	dna	snv96			0.07938	0.7847	0.04513	0.09076
Mye_7	prob	dna	event			0.1602	0.5801	0.09084	0.1689
Mye_7	prob	rna	gene_exp						
Mye_7	prob	rna	alt_sj						
Mye_7	feat_contrib	dna	event	_prior		-0.09907	-0.7724	-0.2325	-0.1158
Mye_7	feat_contrib	dna	event	event.sv.LINE	2	0	0	0	0
Mye_7	feat_contrib	dna	event	event.sv.SIMPLE_DEL_20KB_1MB	0	0	1.629	0	0
Mye_7	feat_contrib	dna	event	event.sv.SIMPLE_DUP_32B_200B	1	0	0.2141	0	-0.04446
Mye_7	feat_contrib	dna	event	event.sv.SIMPLE_DUP_100KB_5MB	0	-0.3636	0	0	0
Mye_7	feat_contrib	dna	event	event.sv.MAX_COMPLEX_SIZE	2	0	0	-0.4743	0
Mye_7	feat_contrib	dna	event	event.sv.TELOMERIC_SGL	0	0	0	0	0
Mye_7	feat_contrib	dna	event	event.tmb.snv_count	717	0	0	0	-0.003076
Mye_7	feat_contrib	dna	event	event.tmb.indels_per_mb	0.0024	0.2465	0	-0.07672	0
Mye_7	sig_quantile			AID/APOBEC (SBS2/13)	0	0	0	0	0
Mye_7	sig_quantile			MMRD (SBS6)	0	0	0	0	0
Mye_7	sig_quantile			ROS/5FU (SBS17)	0	0	0	0	0
Mye_7	sig_quantile			Smoking (SBS4)	0	0	0	0	0
Mye_7	sig_quantile			UV (SBS7)	0	0	0	0	0
Gyn_3	prob	combined	combined			0.7416		0.0002717	0.2581
Gyn_3	prob	dna	dna_combined			0.5459	0.2641	0	0.19
Gyn_3	prob	rna	rna_combined			0.5		0	0.5
Gyn_3	prob	dna	gen_pos			0.3152	0.1897	0.1856	0.3094
Gyn_3	prob	dna	snv96			0.3141	0.2912	0.2467	0.148
Gyn_3	prob	dna	event			0.1503	0.5913	0.08589	0.1725
Gyn_3	prob	rna	gene_exp			0.08214		0.8509	0.067
Gyn_3	prob	rna	alt_sj			0.08214		0.8509	0.067
Gyn_3	feat_contrib	dna	event	_prior		-0.09907	-0.7724	-0.2325	-0.1158
Gyn_3	feat_contrib	dna	event	event.sv.LINE	0	0	0	0	0
Gyn_3	feat_contrib	dna	event	event.sv.SIMPLE_DEL_20KB_1MB	0	0	1.629	0	0
Gyn_3	feat_contrib	dna	event	event.sv.SIMPLE_DUP_32B_200B	1	0	0.2141	0	-0.04446
Gyn_3	feat_contrib	dna	event	event.sv.SIMPLE_DUP_100KB_5MB	0	-0.3636	0	0	0
Gyn_3	feat_contrib	dna	event	event.sv.MAX_COMPLEX_SIZE	1	0	0	-0.5753	0
Gyn_3	feat_contrib	dna	event	event.sv.TELOMERIC_SGL	0	0	0	0	0
Gyn_3	feat_contrib	dna	event	event.tmb.snv_count	2864	0	0	0	-0.001131
Gyn_3	feat_contrib	dna	event	event.tmb.indels_per_mb	0.0413	0.1636	0	-0.05094	0
Gyn_3	sig_quantile			AID/APOBEC (SBS2/13)	7.8	0	0.816	0	0.04336
Gyn_3	sig_quantile			MMRD (SBS6)	163.9	0.8206	inf	inf	2.495
Gyn_3	sig_quantile			ROS/5FU (SBS17)	0	0	0	0	0
Gyn_3	sig_quantile			Smoking (SBS4)	0	0	0	0	0
Gyn_3	sig_quantile			UV (SBS7)	0	0	0	0	0
Gyn_6	prob	combined	combined						
Gyn_6	prob	dna	dna_combined			0.8006	0.04752	0	0.1519
Gyn_6	prob	rna	rna_combined						
Gyn_6	prob	dna	gen_pos			0.3174	0.0805	0.1571	0.445
Gyn_6	prob	dna	snv96			0.7894	0.0008441	0.1538	0.05601
Gyn_6	prob	dna	event			0.3216	0.0304	0.3012	0.3468
Gyn_6	prob	rna	gene_exp						
Gyn_6	prob	rna	alt_sj						
Gyn_6	feat_contrib	dna	event	_prior		-0.09907	-0.7724	-0.2325	-0.1158
Gyn_6	feat_contrib	dna	event	event.sv.LINE	252	0	0	0	0
Gyn_6	feat_contrib	dna	event	event.sv.SIMPLE_DEL_20KB_1MB	61	0	-1.703	0	0
Gyn_6	feat_contrib	dna	event	event.sv.SIMPLE_DUP_32B_200B	2	0	-0.06044	0	0.01255
Gyn_6	feat_contrib	dna	event	event.sv.SIMPLE_DUP_100KB_5MB	25	0.2411	0	0	0
Gyn_6	feat_contrib	dna	event	event.sv.MAX_COMPLEX_SIZE	12	0	0	-0.1091	0
Gyn_6	feat_contrib	dna	event	event.sv.TELOMERIC_SGL	0	0	0	0	0
Gyn_6	feat_contrib	dna	event	event.tmb.snv_count	2.814e+04	0	0	0	0.00208
Gyn_6	feat_contrib	dna	event	event.tmb.indels_per_mb	0.2998	-0.3186	0	0.09919	0
Gyn_6	sig_quantile			AID/APOBEC (SBS2/13)	1139	0.8263	75.91	1.016	0.3309
Gyn_6	sig_quantile			MMRD (SBS6)	742.3	0.9737	inf	inf	11.3
Gyn_6	sig_quantile			ROS/5FU (SBS17)	0	0	0	0	0
Gyn_6	sig_quantile			Smoking (SBS4)	152.4	0.8491	0.9304	inf	inf
Gyn_6	sig_quantile			UV (SBS7)	0	0	0	0	0
