sample_id	actual_class	clf_group	clf_name	is_correct_pred	which_correct_pred	pred_class_1	pred_class_2	pred_class_3	pred_prob_1	pred_prob_2	pred_prob_3
0_Breast	Breast	combined	combined	False	2	Melanoma	Breast	Lung	0.46471925642977024	0.44659442974734315	0.08838423374164517
0_Breast	Breast	dna	dna_combined	True	1	Breast	Lung	Melanoma	0.40876257501015845	0.3081122309799983	0.2831251940098432
0_Breast	Breast	rna	rna_combined	False	2	Melanoma	Breast	Lung	0.5433630001990497	0.3616763291653913	0.09496067063555906
0_Breast	Breast	dna	gen_pos	True	1	Breast	Prostate	AML	0.5331831028121308	0.1511397331390406	0.14985311464591958
0_Breast	Breast	dna	snv96	False	3	Prostate	Lung	Breast	0.33821278396807214	0.271545642388876	0.26112172865408273
0_Breast	Breast	dna	event	True	1	Breast	Prostate	Lung	0.39645828850413567	0.2583841131631749	0.1773497704319555
0_Breast	Breast	rna	gene_exp	False	3	Melanoma	Lung	Breast	0.8029986877826075	0.10755015583830602	0.08189544390534331
0_Breast	Breast	rna	alt_sj	True	1	Breast	Prostate	Lung	0.5061102907046169	0.2393130046604392	0.14932290077048052
11_Breast	Breast	combined	combined	True	1	Breast	Prostate	Melanoma	0.999697673111856	0.00010077562938133575	0.00010077562938133575
11_Breast	Breast	dna	dna_combined	True	1	Breast	Prostate	Melanoma	1.0	0.0	0.0
11_Breast	Breast	rna	rna_combined	True	1	Breast	Lung	Prostate	0.99200340325238	0.00799659674762004	0.0
11_Breast	Breast	dna	gen_pos	True	1	Breast	Prostate	AML	0.7368426717184371	0.08662880492460523	0.06926911503564011
11_Breast	Breast	dna	snv96	True	1	Breast	Lung	Melanoma	0.9089979691392428	0.0867402051621098	0.004066971924713879
11_Breast	Breast	dna	event	True	1	Breast	Prostate	Lung	0.5707684188446799	0.2403479952410241	0.11298897509436938
11_Breast	Breast	rna	gene_exp	True	1	Breast	Lung	Prostate	0.8396369405199251	0.15271373222020007	0.007562691508310723
11_Breast	Breast	rna	alt_sj	False	3	Lung	Prostate	Breast	0.35839474992781983	0.326796734266286	0.3097852896691741
22_Breast	Breast	combined	combined	True	1	Breast	Lung	Melanoma	0.6301103736090885	0.36578430991442834	0.00386897047409352
22_Breast	Breast	dna	dna_combined	True	1	Breast	Lung	Melanoma	0.4318793128228734	0.40442126197108724	0.16369942520603945
22_Breast	Breast	rna	rna_combined	True	1	Breast	Lung	Prostate	0.6173137732983216	0.38268622670167846	0.0
22_Breast	Breast	dna	gen_pos	True	1	Breast	Prostate	AML	0.3806465493039082	0.26724294295174267	0.13391154543804837
22_Breast	Breast	dna	snv96	False	2	Prostate	Breast	Lung	0.6961304741580547	0.17300749366799675	0.11744869966887662
22_Breast	Breast	dna	event	True	1	Breast	Prostate	Lung	0.444101777607052	0.26946378592885345	0.20297467757958948
22_Breast	Breast	rna	gene_exp	True	1	Breast	Lung	Prostate	0.5948453829799788	0.39658222451951924	0.00810449720819011
22_Breast	Breast	rna	alt_sj	False	3	Lung	Prostate	Breast	0.35839474992781983	0.326796734266286	0.3097852896691741
37_Prostate	Prostate	combined	combined	True	1	Prostate	Melanoma	Lung	0.9997000899730081	9.997000899730082e-05	9.997000899730082e-05
37_Prostate	Prostate	dna	dna_combined	True	1	Prostate	Melanoma	Lung	1.0	0.0	0.0
37_Prostate	Prostate	rna	rna_combined	True	1	Prostate	Melanoma	Lung	1.0	0.0	0.0
37_Prostate	Prostate	dna	gen_pos	True	1	Prostate	Breast	Melanoma	0.6546593794476973	0.16144497953934253	0.07924722228999205
37_Prostate	Prostate	dna	snv96	True	1	Prostate	Lung	Breast	0.8219508367545234	0.11374962570775218	0.05381528851972727
37_Prostate	Prostate	dna	event	False	2	Breast	Prostate	AML	0.4002583353792411	0.2594589324086041	0.2006994880629038
37_Prostate	Prostate	rna	gene_exp	True	1	Prostate	Breast	Lung	0.9744046420269497	0.01808041794350329	0.007501835854037976
37_Prostate	Prostate	rna	alt_sj	False	2	Lung	Prostate	Breast	0.35839474992781983	0.326796734266286	0.3097852896691741
41_Prostate	Prostate	combined	combined	True	1	Prostate	Breast	Melanoma	0.9922008340905947	0.007451691904497248	0.00017373700245403194
41_Prostate	Prostate	dna	dna_combined	True	1	Prostate	Breast	Melanoma	0.5710935610006943	0.42890643899930575	0.0
41_Prostate	Prostate	rna	rna_combined	True	1	Prostate	Melanoma	Lung	1.0	0.0	0.0
41_Prostate	Prostate	dna	gen_pos	True	1	Prostate	Breast	Lung	0.491757294964581	0.20574876732696407	0.1288037140057479
41_Prostate	Prostate	dna	snv96	True	1	Prostate	Breast	Lung	0.6680870839446001	0.15824029345864268	0.1278669118680471
41_Prostate	Prostate	dna	event	False	2	Breast	Prostate	Lung	0.5079020349519863	0.30951603248644977	0.12067795616459379
41_Prostate	Prostate	rna	gene_exp	True	1	Prostate	Breast	Lung	0.9650350209259988	0.024738729897314665	0.010210082437431402
41_Prostate	Prostate	rna	alt_sj	True	1	Prostate	Breast	Lung	0.42350097101361484	0.30589665760735807	0.20695786287224804
51_Melanoma	Melanoma	combined	combined	True	1	Melanoma	Prostate	Lung	0.9997000899730081	9.997000899730082e-05	9.997000899730082e-05
51_Melanoma	Melanoma	dna	dna_combined	True	1	Melanoma	Prostate	Lung	1.0	0.0	0.0
51_Melanoma	Melanoma	rna	rna_combined	True	1	Melanoma	Prostate	Lung	1.0	0.0	0.0
51_Melanoma	Melanoma	dna	gen_pos	True	1	Melanoma	Prostate	AML	0.9015205895436049	0.028636091294863886	0.026241614376300265
51_Melanoma	Melanoma	dna	snv96	True	1	Melanoma	Breast	AML	0.9743349423921683	0.011201981011299881	0.007679493229071241
51_Melanoma	Melanoma	dna	event	True	1	Melanoma	AML	Prostate	0.8787240886899543	0.05138328331610888	0.03325775991147668
51_Melanoma	Melanoma	rna	gene_exp	True	1	Melanoma	Lung	Breast	0.9702997089427091	0.020738640648284005	0.007441201006035691
51_Melanoma	Melanoma	rna	alt_sj	True	1	Melanoma	Breast	Prostate	0.9938632004875839	0.002162180625673194	0.002097439437122212
58_Melanoma	Melanoma	combined	combined	True	1	Melanoma	Prostate	Lung	0.9997000899730081	9.997000899730082e-05	9.997000899730082e-05
58_Melanoma	Melanoma	dna	dna_combined	True	1	Melanoma	Prostate	Lung	1.0	0.0	0.0
58_Melanoma	Melanoma	rna	rna_combined	True	1	Melanoma	Prostate	Lung	1.0	0.0	0.0
58_Melanoma	Melanoma	dna	gen_pos	True	1	Melanoma	Breast	AML	0.3707544339326228	0.1827027338903141	0.1785433936340214
58_Melanoma	Melanoma	dna	snv96	True	1	Melanoma	AML	Breast	0.6911854033919673	0.16152040074654953	0.08861505233056678
58_Melanoma	Melanoma	dna	event	True	1	Melanoma	Breast	Prostate	0.992234830442443	0.0031770753286444486	0.0020759629320621573
58_Melanoma	Melanoma	rna	gene_exp	True	1	Melanoma	Lung	Breast	0.973617249002496	0.016523131000453425	0.008769268175963749
58_Melanoma	Melanoma	rna	alt_sj	True	1	Melanoma	Breast	Prostate	0.9918420560587292	0.0030367117206290426	0.003019794490598185
67_Lung	Lung	combined	combined	True	1	Lung	Breast	Prostate	0.9956581059247243	0.004061531817736173	0.00014018112876983414
67_Lung	Lung	dna	dna_combined	True	1	Lung	Prostate	Melanoma	1.0	0.0	0.0
67_Lung	Lung	rna	rna_combined	True	1	Lung	Breast	Prostate	0.7102654363409449	0.28973456365905526	0.0
67_Lung	Lung	dna	gen_pos	True	1	Lung	Prostate	Melanoma	0.904194902117287	0.03215976093118603	0.024158992782436023
67_Lung	Lung	dna	snv96	True	1	Lung	Prostate	Breast	0.9938062243793222	0.004296760602812502	0.0013659711338428323
67_Lung	Lung	dna	event	False	3	Breast	Prostate	Lung	0.40803960728574024	0.27910060125141567	0.20920532176244444
67_Lung	Lung	rna	gene_exp	True	1	Lung	Breast	Prostate	0.7269889242253631	0.22466804571692303	0.043181390809126516
67_Lung	Lung	rna	alt_sj	True	1	Lung	Prostate	Breast	0.35839474992781983	0.326796734266286	0.3097852896691741
81_Prostate	Prostate	dna	dna_combined	True	1	Prostate	Melanoma	Lung	1.0	0.0	0.0
81_Prostate	Prostate	dna	gen_pos	True	1	Prostate	Breast	Lung	0.6203941433500285	0.12815868146091822	0.12051530738640834
81_Prostate	Prostate	dna	snv96	True	1	Prostate	Lung	Breast	0.7600870524811073	0.11574915838333133	0.10480042990109804
81_Prostate	Prostate	dna	event	True	1	Prostate	Breast	Lung	0.8921668334695761	0.0730272130771417	0.020386267494630343
89_AML	AML	dna	dna_combined	True	1	AML	Prostate	Melanoma	1.0	0.0	0.0
89_AML	AML	dna	gen_pos	True	1	AML	Prostate	Melanoma	0.24715750500788605	0.21249793987650448	0.19520734868999237
89_AML	AML	dna	snv96	True	1	AML	Breast	Prostate	0.8073166456976697	0.10648731249965432	0.03917888538506205
89_AML	AML	dna	event	True	1	AML	Breast	Prostate	0.8836931741940104	0.04832168955064255	0.044446939569512116
4_Breast	Breast	combined	combined	True	1	Breast	Lung	Prostate	0.9962621274451892	0.0034692354209037964	0.00013431856695355688
4_Breast	Breast	dna	dna_combined	True	1	Breast	Prostate	Melanoma	1.0	0.0	0.0
4_Breast	Breast	rna	rna_combined	True	1	Breast	Lung	Prostate	0.7417158699955942	0.25828413000440575	0.0
4_Breast	Breast	dna	gen_pos	True	1	Breast	Prostate	Melanoma	0.5291977079267279	0.2769373532947317	0.08094270560267806
4_Breast	Breast	dna	snv96	True	1	Breast	Lung	Melanoma	0.9833408235174672	0.013286532690262741	0.0033280723468739025
4_Breast	Breast	dna	event	True	1	Breast	Lung	Prostate	0.37829832904687377	0.3247749106993509	0.2265761720906898
4_Breast	Breast	rna	gene_exp	True	1	Breast	Lung	Prostate	0.7004105258274783	0.2619988857006989	0.0365037350890679
4_Breast	Breast	rna	alt_sj	False	3	Lung	Prostate	Breast	0.3632525214332854	0.326515578740757	0.3052679585036469
17_Breast	Breast	combined	combined	True	1	Breast	Lung	Prostate	0.9960210842586489	0.003705599533822919	0.00013665810376409408
17_Breast	Breast	dna	dna_combined	True	1	Breast	Prostate	Melanoma	1.0	0.0	0.0
17_Breast	Breast	rna	rna_combined	True	1	Breast	Lung	Prostate	0.7288415811608431	0.2711584188391569	0.0
17_Breast	Breast	dna	gen_pos	True	1	Breast	AML	Prostate	0.6038535743229634	0.16813507443366094	0.11070483293711449
17_Breast	Breast	dna	snv96	True	1	Breast	Lung	AML	0.6458540324079105	0.153703457755401	0.09120389953452081
17_Breast	Breast	dna	event	True	1	Breast	Prostate	Lung	0.5620018732730963	0.24779178528209697	0.10163353147142565
17_Breast	Breast	rna	gene_exp	True	1	Breast	Lung	Prostate	0.6685057756307954	0.28797507173626574	0.035533174170198946
17_Breast	Breast	rna	alt_sj	False	3	Lung	Prostate	Breast	0.3632525214332854	0.326515578740757	0.3052679585036469
21_Breast	Breast	combined	combined	True	1	Breast	Lung	Melanoma	0.6500152020575334	0.19715807222917323	0.15254625380953218
21_Breast	Breast	dna	dna_combined	True	1	Breast	Lung	Melanoma	0.39189869627714896	0.316368639030542	0.291732664692309
21_Breast	Breast	rna	rna_combined	True	1	Breast	Lung	Melanoma	0.5913714208831724	0.22219371713551667	0.18643486198131096
21_Breast	Breast	dna	gen_pos	True	1	Breast	Prostate	AML	0.4780512984572778	0.16610048856482915	0.15715847453698217
21_Breast	Breast	dna	snv96	False	3	Prostate	Lung	Breast	0.2900388632400545	0.2686475061099103	0.22722315464723764
21_Breast	Breast	dna	event	True	1	Breast	Prostate	AML	0.38625766545059054	0.23330509137607552	0.22211966217469897
21_Breast	Breast	rna	gene_exp	True	1	Breast	Lung	Melanoma	0.3954506363598298	0.26289259871180554	0.25054033391624936
21_Breast	Breast	rna	alt_sj	False	3	Lung	Prostate	Breast	0.3632525214332854	0.326515578740757	0.3052679585036469
39_Prostate	Prostate	combined	combined	True	1	Prostate	Melanoma	Lung	0.9997000899730081	9.997000899730082e-05	9.997000899730082e-05
39_Prostate	Prostate	dna	dna_combined	True	1	Prostate	Melanoma	Lung	1.0	0.0	0.0
39_Prostate	Prostate	rna	rna_combined	True	1	Prostate	Melanoma	Lung	1.0	0.0	0.0
39_Prostate	Prostate	dna	gen_pos	True	1	Prostate	Breast	Melanoma	0.5812836456351369	0.12874097039487853	0.10588358839710307
39_Prostate	Prostate	dna	snv96	True	1	Prostate	Lung	Breast	0.8055259681415344	0.1401842829389845	0.039574624408041846
39_Prostate	Prostate	dna	event	False	2	Breast	Prostate	Lung	0.34335951669737746	0.30284006711413697	0.2804955858752105
39_Prostate	Prostate	rna	gene_exp	True	1	Prostate	Breast	Lung	0.9473335007317129	0.029075764884711357	0.02316477285179815
39_Prostate	Prostate	rna	alt_sj	False	2	Lung	Prostate	Breast	0.3632525214332854	0.326515578740757	0.3052679585036469
40_Prostate	Prostate	combined	combined	True	1	Prostate	Breast	Melanoma	0.9947422416223696	0.004959617577750965	0.0001490703999397466
40_Prostate	Prostate	dna	dna_combined	True	1	Prostate	Breast	Melanoma	0.6672969563538024	0.33270304364619757	0.0
40_Prostate	Prostate	rna	rna_combined	True	1	Prostate	Melanoma	Lung	1.0	0.0	0.0
40_Prostate	Prostate	dna	gen_pos	True	1	Prostate	AML	Lung	0.5368621934325185	0.13878120239197528	0.12612745253758006
40_Prostate	Prostate	dna	snv96	True	1	Prostate	Breast	Lung	0.44156526996866136	0.2688138660040527	0.15843868557884544
40_Prostate	Prostate	dna	event	True	1	Prostate	Breast	Lung	0.865885897092981	0.07131174082517065	0.0505663693161326
40_Prostate	Prostate	rna	gene_exp	True	1	Prostate	Breast	Lung	0.961078194363845	0.02270117929514697	0.01588915674263452
40_Prostate	Prostate	rna	alt_sj	False	2	Lung	Prostate	Breast	0.3632525214332854	0.326515578740757	0.3052679585036469
61_Melanoma	Melanoma	combined	combined	True	1	Melanoma	Prostate	Lung	0.9997000899730081	9.997000899730082e-05	9.997000899730082e-05
61_Melanoma	Melanoma	dna	dna_combined	True	1	Melanoma	Prostate	Lung	1.0	0.0	0.0
61_Melanoma	Melanoma	rna	rna_combined	True	1	Melanoma	Prostate	Lung	1.0	0.0	0.0
61_Melanoma	Melanoma	dna	gen_pos	True	1	Melanoma	AML	Prostate	0.8907852924147319	0.030970027319605645	0.028652460445410415
61_Melanoma	Melanoma	dna	snv96	True	1	Melanoma	Lung	Breast	0.9642441167006418	0.02015566196734394	0.007436581257873892
61_Melanoma	Melanoma	dna	event	True	1	Melanoma	Breast	Prostate	0.9912569397405908	0.003940957564794993	0.0029191272582014764
61_Melanoma	Melanoma	rna	gene_exp	True	1	Melanoma	Breast	Prostate	0.973390182510529	0.016396955006310446	0.007847807110407248
61_Melanoma	Melanoma	rna	alt_sj	True	1	Melanoma	Breast	Prostate	0.9934000644854264	0.002402348349658017	0.0023660661147082438
64_Melanoma	Melanoma	combined	combined	True	1	Melanoma	Prostate	Lung	0.9997000899730081	9.997000899730082e-05	9.997000899730082e-05
64_Melanoma	Melanoma	dna	dna_combined	True	1	Melanoma	Prostate	Lung	1.0	0.0	0.0
64_Melanoma	Melanoma	rna	rna_combined	True	1	Melanoma	Prostate	Lung	1.0	0.0	0.0
64_Melanoma	Melanoma	dna	gen_pos	True	1	Melanoma	Prostate	Breast	0.7415904254965683	0.11084309370441443	0.07135634254501273
64_Melanoma	Melanoma	dna	snv96	True	1	Melanoma	AML	Breast	0.9838244185062125	0.00621195178528033	0.005610299889508673
64_Melanoma	Melanoma	dna	event	True	1	Melanoma	Breast	Prostate	0.8791655407494265	0.06622382726249354	0.030188600177774867
64_Melanoma	Melanoma	rna	gene_exp	True	1	Melanoma	Breast	Prostate	0.9736004828668694	0.015957151706100126	0.008044273070455235
64_Melanoma	Melanoma	rna	alt_sj	True	1	Melanoma	Breast	Prostate	0.9948561027384466	0.0018488506247773776	0.001830076638305258
74_Lung	Lung	combined	combined	True	1	Lung	Breast	Prostate	0.8302018766808386	0.16944448090562542	0.000176821206768039
74_Lung	Lung	dna	dna_combined	True	1	Lung	Breast	Prostate	0.6395260129437317	0.3604739870562684	0.0
74_Lung	Lung	rna	rna_combined	True	1	Lung	Breast	Prostate	0.7341607228571504	0.26583927714284966	0.0
74_Lung	Lung	dna	gen_pos	True	1	Lung	Prostate	Breast	0.5887965504280906	0.1355901381715802	0.11925187084282551
74_Lung	Lung	dna	snv96	False	3	Breast	Prostate	Lung	0.49433790056998683	0.2976240681688488	0.16166652812327778
74_Lung	Lung	dna	event	True	1	Lung	Breast	Prostate	0.8958370648584817	0.04869082362605574	0.03729616815254992
74_Lung	Lung	rna	gene_exp	True	1	Lung	Breast	Prostate	0.8575761599048569	0.07233823086802091	0.05488631812266111
74_Lung	Lung	rna	alt_sj	True	1	Lung	Prostate	Breast	0.3632525214332854	0.326515578740757	0.3052679585036469
80_Prostate	Prostate	dna	dna_combined	True	1	Prostate	Breast	Melanoma	0.6535741838539801	0.3464258161460199	0.0
80_Prostate	Prostate	dna	gen_pos	True	1	Prostate	Breast	Melanoma	0.6249286416226096	0.16786632954040673	0.07585920875838001
80_Prostate	Prostate	dna	snv96	True	1	Prostate	Breast	Lung	0.6621057290308363	0.23381689381375267	0.07233602565945643
80_Prostate	Prostate	dna	event	False	2	Breast	Prostate	Lung	0.4026023566744475	0.3257735665174031	0.21010711767147236
86_AML	AML	dna	dna_combined	True	1	AML	Prostate	Melanoma	1.0	0.0	0.0
86_AML	AML	dna	gen_pos	True	1	AML	Breast	Lung	0.29005957047990816	0.19012910125016136	0.18373723182217822
86_AML	AML	dna	snv96	True	1	AML	Breast	Melanoma	0.9090029874784519	0.04504502583571998	0.0244002315620739
86_AML	AML	dna	event	True	1	AML	Prostate	Breast	0.886270819216564	0.04659146086413657	0.043088439591976904
15_Breast	Breast	combined	combined	True	1	Breast	Lung	Melanoma	0.5034190761849087	0.49512492201383007	0.00123963998946707
15_Breast	Breast	dna	dna_combined	True	1	Breast	Lung	Melanoma	0.5413888864592158	0.40131634515320447	0.057294768387579714
15_Breast	Breast	rna	rna_combined	False	2	Lung	Breast	Prostate	0.5702264117199493	0.4297735882800507	0.0
15_Breast	Breast	dna	gen_pos	True	1	Breast	AML	Prostate	0.5858161790026651	0.17241710491331336	0.12940469942895
15_Breast	Breast	dna	snv96	False	3	Prostate	Lung	Breast	0.3051224631688486	0.2919124707698778	0.26605975448848174
15_Breast	Breast	dna	event	False	2	Prostate	Breast	Lung	0.37233389992616506	0.33339496452926537	0.1300207146241566
15_Breast	Breast	rna	gene_exp	False	2	Lung	Breast	Melanoma	0.6684788254529297	0.26518772716266986	0.036793957115687025
15_Breast	Breast	rna	alt_sj	True	1	Breast	Prostate	Lung	0.47185930454205016	0.42638764704825305	0.08451908207085321
16_Breast	Breast	combined	combined	True	1	Breast	Prostate	Melanoma	0.9997000899730081	9.997000899730082e-05	9.997000899730082e-05
16_Breast	Breast	dna	dna_combined	True	1	Breast	Prostate	Melanoma	1.0	0.0	0.0
16_Breast	Breast	rna	rna_combined	True	1	Breast	Prostate	Melanoma	1.0	0.0	0.0
16_Breast	Breast	dna	gen_pos	True	1	Breast	Prostate	Melanoma	0.658758861857691	0.21419320036294912	0.05503919599998551
16_Breast	Breast	dna	snv96	True	1	Breast	Lung	Melanoma	0.9845749446773288	0.01400613372462362	0.0014101895904387253
16_Breast	Breast	dna	event	False	2	Prostate	Breast	Lung	0.45716182323349586	0.2584925218416436	0.12754526613794828
16_Breast	Breast	rna	gene_exp	True	1	Breast	Lung	Prostate	0.9882852194436853	0.007964611926899318	0.003486777443033911
16_Breast	Breast	rna	alt_sj	False	3	Lung	Prostate	Breast	0.3603885200792058	0.32697641005085176	0.3070013793516838
19_Breast	Breast	combined	combined	True	1	Breast	Prostate	Melanoma	0.9997000899730081	9.997000899730082e-05	9.997000899730082e-05
19_Breast	Breast	dna	dna_combined	True	1	Breast	Prostate	Melanoma	1.0	0.0	0.0
19_Breast	Breast	rna	rna_combined	True	1	Breast	Prostate	Melanoma	1.0	0.0	0.0
19_Breast	Breast	dna	gen_pos	True	1	Breast	AML	Prostate	0.6087770899181578	0.15245050000896382	0.09840259473083689
19_Breast	Breast	dna	snv96	True	1	Breast	Lung	AML	0.7478211229685953	0.16936529463359637	0.04071945314510694
19_Breast	Breast	dna	event	True	1	Breast	Prostate	Lung	0.4089728932420519	0.377917351742458	0.09204430674613061
19_Breast	Breast	rna	gene_exp	True	1	Breast	Lung	Melanoma	0.7674623987278529	0.1739618268550754	0.03765559965345304
19_Breast	Breast	rna	alt_sj	False	3	Lung	Prostate	Breast	0.3603885200792058	0.32697641005085176	0.3070013793516838
29_Prostate	Prostate	combined	combined	True	1	Prostate	Breast	Melanoma	0.9928497330871028	0.006815389182627262	0.00016743886513498292
29_Prostate	Prostate	dna	dna_combined	True	1	Prostate	Breast	Melanoma	0.5929625313016215	0.4070374686983785	0.0
29_Prostate	Prostate	rna	rna_combined	True	1	Prostate	Melanoma	Lung	1.0	0.0	0.0
29_Prostate	Prostate	dna	gen_pos	True	1	Prostate	Breast	AML	0.5486524111431035	0.15593447151462153	0.1127663001797369
29_Prostate	Prostate	dna	snv96	True	1	Prostate	Breast	Lung	0.7032968589563757	0.18697096815343736	0.06706794454152988
29_Prostate	Prostate	dna	event	False	2	Breast	Prostate	Lung	0.47540741150343957	0.3030565126099509	0.1505244558994963
29_Prostate	Prostate	rna	gene_exp	True	1	Prostate	Breast	Lung	0.9589295989644486	0.03161722214258546	0.009404469420929927
29_Prostate	Prostate	rna	alt_sj	True	1	Prostate	Breast	Lung	0.6918181609114553	0.15458979727104655	0.14628298724081557
44_Prostate	Prostate	combined	combined	True	1	Prostate	Melanoma	Lung	0.9997000899730081	9.997000899730082e-05	9.997000899730082e-05
44_Prostate	Prostate	dna	dna_combined	True	1	Prostate	Melanoma	Lung	1.0	0.0	0.0
44_Prostate	Prostate	rna	rna_combined	True	1	Prostate	Melanoma	Lung	1.0	0.0	0.0
44_Prostate	Prostate	dna	gen_pos	True	1	Prostate	Breast	AML	0.5696650588161287	0.15404028077825932	0.10456069991948544
44_Prostate	Prostate	dna	snv96	True	1	Prostate	Breast	Lung	0.8774485814824172	0.050338641292017025	0.034369931858498556
44_Prostate	Prostate	dna	event	True	1	Prostate	Breast	Lung	0.41081250046681034	0.3738135623618408	0.1520113555629619
44_Prostate	Prostate	rna	gene_exp	True	1	Prostate	Breast	Lung	0.9261133014421757	0.04946638088408791	0.02434434142786752
44_Prostate	Prostate	rna	alt_sj	False	2	Lung	Prostate	Breast	0.3603885200792058	0.32697641005085176	0.3070013793516838
55_Melanoma	Melanoma	combined	combined	True	1	Melanoma	Prostate	Lung	0.9997000899730081	9.997000899730082e-05	9.997000899730082e-05
55_Melanoma	Melanoma	dna	dna_combined	True	1	Melanoma	Prostate	Lung	1.0	0.0	0.0
55_Melanoma	Melanoma	rna	rna_combined	True	1	Melanoma	Prostate	Lung	1.0	0.0	0.0
55_Melanoma	Melanoma	dna	gen_pos	True	1	Melanoma	Prostate	Breast	0.7562185370779044	0.0976336010129838	0.06851611052711906
55_Melanoma	Melanoma	dna	snv96	True	1	Melanoma	Breast	Lung	0.9624702826112199	0.028554550741296394	0.0035349012419583015
55_Melanoma	Melanoma	dna	event	True	1	Melanoma	Prostate	Breast	0.905592253858975	0.04397729910462093	0.03570097908018682
55_Melanoma	Melanoma	rna	gene_exp	True	1	Melanoma	Lung	Breast	0.9500186435121994	0.03648294472712703	0.012031194528992846
55_Melanoma	Melanoma	rna	alt_sj	True	1	Melanoma	Prostate	Breast	0.9932297065663513	0.002715415508486538	0.0021056875018335597
56_Melanoma	Melanoma	combined	combined	True	1	Melanoma	Prostate	Lung	0.9997000899730081	9.997000899730082e-05	9.997000899730082e-05
56_Melanoma	Melanoma	dna	dna_combined	True	1	Melanoma	Prostate	Lung	1.0	0.0	0.0
56_Melanoma	Melanoma	rna	rna_combined	True	1	Melanoma	Prostate	Lung	1.0	0.0	0.0
56_Melanoma	Melanoma	dna	gen_pos	True	1	Melanoma	Breast	Prostate	0.7066492078391384	0.11950469668927045	0.08250070687653047
56_Melanoma	Melanoma	dna	snv96	True	1	Melanoma	Breast	Lung	0.9687497749360554	0.012569510770205013	0.010892426148167673
56_Melanoma	Melanoma	dna	event	True	1	Melanoma	Prostate	Breast	0.9966868260558589	0.0014894825724479806	0.0010835123034674296
56_Melanoma	Melanoma	rna	gene_exp	True	1	Melanoma	Lung	Breast	0.9566530574336242	0.03801713748895917	0.004341306845363157
56_Melanoma	Melanoma	rna	alt_sj	True	1	Melanoma	Breast	Prostate	0.9960301872456916	0.0013993045382393134	0.0013031756667427972
69_Lung	Lung	combined	combined	False	2	Breast	Lung	Melanoma	0.4975124378109453	0.4283117295326446	0.06920070827830066
69_Lung	Lung	dna	dna_combined	True	1	Lung	Melanoma	Prostate	0.8609065763606156	0.13909342363938432	0.0
69_Lung	Lung	rna	rna_combined	False	4	Breast	Prostate	Melanoma	1.0	0.0	0.0
69_Lung	Lung	dna	gen_pos	True	1	Lung	Breast	AML	0.8953745028333512	0.037805449503073414	0.026103350633194355
69_Lung	Lung	dna	snv96	True	1	Lung	Prostate	Breast	0.992907686755597	0.004090179949223669	0.002205363253491064
69_Lung	Lung	dna	event	False	2	Melanoma	Lung	Prostate	0.5380349084078551	0.14876389004555304	0.13964404899203586
69_Lung	Lung	rna	gene_exp	False	2	Breast	Lung	Prostate	0.9755291157003073	0.01847021729693935	0.0058087350786551846
69_Lung	Lung	rna	alt_sj	True	1	Lung	Prostate	Breast	0.3603885200792058	0.32697641005085176	0.3070013793516838
83_Melanoma	Melanoma	dna	dna_combined	True	1	Melanoma	Prostate	Lung	1.0	0.0	0.0
83_Melanoma	Melanoma	dna	gen_pos	True	1	Melanoma	Prostate	Breast	0.8852207283021969	0.04404000149155226	0.03020382045207205
83_Melanoma	Melanoma	dna	snv96	True	1	Melanoma	Breast	Lung	0.9903899165884467	0.004418051427224895	0.00318047938278978
83_Melanoma	Melanoma	dna	event	True	1	Melanoma	Prostate	Breast	0.9036085792041431	0.04390484120726833	0.02388898706517885
87_AML	AML	dna	dna_combined	True	1	AML	Breast	Melanoma	0.4815055223564238	0.4099058563791763	0.10858862126439979
87_AML	AML	dna	gen_pos	False	3	Breast	Prostate	AML	0.2636646857288755	0.22271748681811313	0.20593838317542507
87_AML	AML	dna	snv96	True	1	AML	Breast	Melanoma	0.6477096429126467	0.20470651348328864	0.08128113468319392
87_AML	AML	dna	event	True	1	AML	Prostate	Breast	0.8773101278599077	0.06665310811281884	0.026902869617935345
5_Breast	Breast	combined	combined	True	1	Breast	Lung	Prostate	0.9901990790822972	0.009414589315574928	0.00019316580106397898
5_Breast	Breast	dna	dna_combined	True	1	Breast	Prostate	Melanoma	1.0	0.0	0.0
5_Breast	Breast	rna	rna_combined	True	1	Breast	Lung	Prostate	0.5126161430378303	0.4873838569621698	0.0
5_Breast	Breast	dna	gen_pos	True	1	Breast	Prostate	Melanoma	0.5435912491179461	0.19023366829218044	0.09294038739865759
5_Breast	Breast	dna	snv96	True	1	Breast	Lung	Melanoma	0.971249605371508	0.026198181380085516	0.0023230702594808205
5_Breast	Breast	dna	event	False	2	Prostate	Breast	Lung	0.4396971597184939	0.37502200175607747	0.11437213406748832
5_Breast	Breast	rna	gene_exp	False	2	Lung	Breast	Melanoma	0.7479476745749674	0.14531375435529645	0.05513043883272293
5_Breast	Breast	rna	alt_sj	False	3	Lung	Prostate	Breast	0.3618435421524597	0.32252759494748284	0.30957966422313465
12_Breast	Breast	combined	combined	True	1	Breast	Lung	Prostate	0.9320213202485749	0.0676261336077192	0.00017627307185301286
12_Breast	Breast	dna	dna_combined	True	1	Breast	Lung	Prostate	0.5821969585887543	0.41780304141124575	0.0
12_Breast	Breast	rna	rna_combined	True	1	Breast	Lung	Prostate	0.9081758349152023	0.09182416508479778	0.0
12_Breast	Breast	dna	gen_pos	True	1	Breast	Prostate	AML	0.722600510267692	0.10465128971285245	0.06726563964089165
12_Breast	Breast	dna	snv96	False	3	Lung	Prostate	Breast	0.5989722422972694	0.1913034668730131	0.18031859177834686
12_Breast	Breast	dna	event	True	1	Breast	Prostate	Lung	0.5337902140035096	0.276276997239844	0.14844445672958156
12_Breast	Breast	rna	gene_exp	True	1	Breast	Lung	Prostate	0.7532904052343057	0.22548498025305316	0.017895794076909364
12_Breast	Breast	rna	alt_sj	False	3	Lung	Prostate	Breast	0.3618435421524597	0.32252759494748284	0.30957966422313465
18_Breast	Breast	combined	combined	True	1	Breast	Lung	Melanoma	0.9990510607298773	0.0006693825600193756	0.00017135027573373106
18_Breast	Breast	dna	dna_combined	True	1	Breast	Melanoma	Prostate	0.9841645021636813	0.015835497836318727	0.0
18_Breast	Breast	rna	rna_combined	True	1	Breast	Lung	Prostate	0.9381383774524639	0.061861622547536146	0.0
18_Breast	Breast	dna	gen_pos	True	1	Breast	Prostate	AML	0.40552422926082604	0.27850375820339646	0.1232955141127612
18_Breast	Breast	dna	snv96	True	1	Breast	Lung	Prostate	0.6602569760864168	0.14110335302864208	0.10314023650063261
18_Breast	Breast	dna	event	True	1	Breast	Prostate	Lung	0.5441404530636811	0.3525450161617863	0.04233161144557072
18_Breast	Breast	rna	gene_exp	True	1	Breast	Lung	Prostate	0.8138118908492004	0.16779475242493275	0.018180911143995348
18_Breast	Breast	rna	alt_sj	False	2	Prostate	Breast	Lung	0.657352005837678	0.26734862072850285	0.06288628296626234
28_Prostate	Prostate	combined	combined	True	1	Prostate	Lung	Breast	0.981610497100168	0.009627980524193766	0.008482258931372593
28_Prostate	Prostate	dna	dna_combined	True	1	Prostate	Lung	Breast	0.351499817558041	0.3447633667023772	0.3037368157395818
28_Prostate	Prostate	rna	rna_combined	True	1	Prostate	Melanoma	Lung	1.0	0.0	0.0
28_Prostate	Prostate	dna	gen_pos	True	1	Prostate	Breast	AML	0.5305418561082546	0.1816964591094386	0.10353361928949263
28_Prostate	Prostate	dna	snv96	True	1	Prostate	Breast	Lung	0.6018959476857333	0.1771155524465644	0.16231816541455873
28_Prostate	Prostate	dna	event	False	3	Breast	Lung	Prostate	0.39339970962887877	0.3157273768641985	0.25289573065599424
28_Prostate	Prostate	rna	gene_exp	True	1	Prostate	Breast	Lung	0.9324391653841178	0.03691911066139054	0.03052633957255484
28_Prostate	Prostate	rna	alt_sj	False	2	Lung	Prostate	Breast	0.3618435421524597	0.32252759494748284	0.30957966422313465
33_Prostate	Prostate	combined	combined	True	1	Prostate	Melanoma	Lung	0.9997000899730081	9.997000899730082e-05	9.997000899730082e-05
33_Prostate	Prostate	dna	dna_combined	True	1	Prostate	Melanoma	Lung	1.0	0.0	0.0
33_Prostate	Prostate	rna	rna_combined	True	1	Prostate	Melanoma	Lung	1.0	0.0	0.0
33_Prostate	Prostate	dna	gen_pos	True	1	Prostate	Breast	Lung	0.5872562432524779	0.1425234810542542	0.13766549742902778
33_Prostate	Prostate	dna	snv96	True	1	Prostate	Lung	Breast	0.8109771085044489	0.08911216797154901	0.06126061135756427
33_Prostate	Prostate	dna	event	False	2	Breast	Prostate	Lung	0.3985207861282493	0.3751629611483168	0.14980101660435574
33_Prostate	Prostate	rna	gene_exp	True	1	Prostate	Breast	Lung	0.9329888512984345	0.036619535842933815	0.030277066720033958
33_Prostate	Prostate	rna	alt_sj	True	1	Prostate	Breast	Lung	0.6538478876452214	0.17840501964790906	0.1504228713927954
50_Melanoma	Melanoma	combined	combined	True	1	Melanoma	Breast	Prostate	0.9970304031739063	0.0027136256126832395	0.00012798560670522399
50_Melanoma	Melanoma	dna	dna_combined	True	1	Melanoma	Breast	Prostate	0.7790176011512477	0.21202584279131112	0.00895655605744112
50_Melanoma	Melanoma	rna	rna_combined	True	1	Melanoma	Prostate	Lung	1.0	0.0	0.0
50_Melanoma	Melanoma	dna	gen_pos	True	1	Melanoma	Prostate	Lung	0.6628611204631104	0.15565739139480092	0.08175992752816798
50_Melanoma	Melanoma	dna	snv96	True	1	Melanoma	Prostate	Breast	0.9560605426347275	0.016094386116339936	0.013418596977943405
50_Melanoma	Melanoma	dna	event	False	4	Breast	Prostate	Lung	0.43319931424203423	0.3394017815333327	0.10884528563116766
50_Melanoma	Melanoma	rna	gene_exp	True	1	Melanoma	Breast	Prostate	0.9325873966396404	0.05602931710695651	0.007108439894322131
50_Melanoma	Melanoma	rna	alt_sj	True	1	Melanoma	Breast	Prostate	0.9921911758833837	0.003995315134161253	0.002265863632064913
60_Melanoma	Melanoma	combined	combined	True	1	Melanoma	Prostate	Lung	0.9997000899730081	9.997000899730082e-05	9.997000899730082e-05
60_Melanoma	Melanoma	dna	dna_combined	True	1	Melanoma	Prostate	Lung	1.0	0.0	0.0
60_Melanoma	Melanoma	rna	rna_combined	True	1	Melanoma	Prostate	Lung	1.0	0.0	0.0
60_Melanoma	Melanoma	dna	gen_pos	True	1	Melanoma	Prostate	Breast	0.8279205232392604	0.07873906162792471	0.03796698215661364
60_Melanoma	Melanoma	dna	snv96	True	1	Melanoma	Breast	Lung	0.9956601592856412	0.0024969971064922004	0.0012725477312325705
60_Melanoma	Melanoma	dna	event	True	1	Melanoma	Breast	Prostate	0.8929289246893327	0.06094839868917694	0.03247991580596746
60_Melanoma	Melanoma	rna	gene_exp	True	1	Melanoma	Breast	Prostate	0.9669270125826656	0.02439921510359581	0.006141747870068494
60_Melanoma	Melanoma	rna	alt_sj	True	1	Melanoma	Breast	Prostate	0.9956260005752032	0.0016015975317607133	0.0015960528233494816
70_Lung	Lung	combined	combined	True	1	Lung	Breast	Prostate	0.9082702374313961	0.08975304756972313	0.000988357499440371
70_Lung	Lung	dna	dna_combined	True	1	Lung	Prostate	Melanoma	1.0	0.0	0.0
70_Lung	Lung	rna	rna_combined	False	2	Breast	Lung	Prostate	0.9081030661531199	0.0918969338468801	0.0
70_Lung	Lung	dna	gen_pos	True	1	Lung	Prostate	Melanoma	0.8869003998521418	0.03650746688249134	0.03343354067148861
70_Lung	Lung	dna	snv96	True	1	Lung	Breast	Prostate	0.9992671951802515	0.0005338825901168886	0.0001459923206934817
70_Lung	Lung	dna	event	False	3	Prostate	Breast	Lung	0.43808537167235523	0.3291732936119152	0.18598499319387213
70_Lung	Lung	rna	gene_exp	False	2	Breast	Lung	Prostate	0.6662469231698837	0.2986309113402875	0.022293606600642436
70_Lung	Lung	rna	alt_sj	True	1	Lung	Prostate	Breast	0.3618435421524597	0.32252759494748284	0.30957966422313465
82_Melanoma	Melanoma	dna	dna_combined	True	1	Melanoma	Prostate	Lung	1.0	0.0	0.0
82_Melanoma	Melanoma	dna	gen_pos	True	1	Melanoma	Prostate	Breast	0.6838351057799578	0.12820519729440363	0.08783141945839748
82_Melanoma	Melanoma	dna	snv96	True	1	Melanoma	Breast	AML	0.9785410440702772	0.013756636694530604	0.005934233515741786
82_Melanoma	Melanoma	dna	event	True	1	Melanoma	Prostate	Breast	0.9693113948767468	0.014984585174669475	0.013087866813393629
90_AML	AML	dna	dna_combined	False	2	Breast	AML	Melanoma	0.3727676194860959	0.3396256446392193	0.28760673587468494
90_AML	AML	dna	gen_pos	False	4	Breast	Prostate	Melanoma	0.3375871812146284	0.2090673437898891	0.18989560252085502
90_AML	AML	dna	snv96	True	1	AML	Prostate	Melanoma	0.42243932411942803	0.2643017110482174	0.23749593329979798
90_AML	AML	dna	event	True	1	AML	Prostate	Breast	0.7445043797688259	0.10406557428664072	0.09624750546365686
2_Breast	Breast	combined	combined	True	1	Breast	Prostate	Melanoma	0.9997000899730081	9.997000899730082e-05	9.997000899730082e-05
2_Breast	Breast	dna	dna_combined	True	1	Breast	Prostate	Melanoma	1.0	0.0	0.0
2_Breast	Breast	rna	rna_combined	True	1	Breast	Prostate	Melanoma	1.0	0.0	0.0
2_Breast	Breast	dna	gen_pos	True	1	Breast	Prostate	AML	0.590118106614455	0.14961235931344746	0.14381477581311772
2_Breast	Breast	dna	snv96	True	1	Breast	Lung	Melanoma	0.9816694106689844	0.010946871455574806	0.006727643638300634
2_Breast	Breast	dna	event	True	1	Breast	Prostate	Lung	0.45033002793087645	0.3691969695355245	0.12278834273885729
2_Breast	Breast	rna	gene_exp	True	1	Breast	Lung	Prostate	0.9427424047072848	0.042025160098572996	0.014905206492402711
2_Breast	Breast	rna	alt_sj	True	1	Breast	Lung	Prostate	0.8379681548537994	0.1143480769414926	0.030579968271879317
7_Breast	Breast	combined	combined	True	1	Breast	Prostate	Melanoma	0.9997000899730081	9.997000899730082e-05	9.997000899730082e-05
7_Breast	Breast	dna	dna_combined	True	1	Breast	Prostate	Melanoma	1.0	0.0	0.0
7_Breast	Breast	rna	rna_combined	True	1	Breast	Prostate	Melanoma	1.0	0.0	0.0
7_Breast	Breast	dna	gen_pos	True	1	Breast	Prostate	AML	0.6313437169989675	0.13529799013526433	0.10954452183499964
7_Breast	Breast	dna	snv96	True	1	Breast	Prostate	Lung	0.5807024302949693	0.24331004797164876	0.1061067346451892
7_Breast	Breast	dna	event	True	1	Breast	Prostate	Lung	0.4643296571569853	0.35545705088022606	0.1319947757134425
7_Breast	Breast	rna	gene_exp	True	1	Breast	Lung	Prostate	0.9492639846518989	0.04497429882683857	0.005533521539397325
7_Breast	Breast	rna	alt_sj	True	1	Breast	Lung	Prostate	0.6816922410818522	0.24492810846023597	0.04665906585842143
25_Breast	Breast	combined	combined	True	1	Breast	Lung	Melanoma	0.9923823472136094	0.004974126665326555	0.0024698481383063804
25_Breast	Breast	dna	dna_combined	True	1	Breast	Prostate	Melanoma	1.0	0.0	0.0
25_Breast	Breast	rna	rna_combined	True	1	Breast	Lung	Melanoma	0.5713921427784823	0.28639938041347995	0.14220847680803791
25_Breast	Breast	dna	gen_pos	True	1	Breast	Prostate	AML	0.6237225715111897	0.1858997819571536	0.09221976359076253
25_Breast	Breast	dna	snv96	True	1	Breast	Lung	Melanoma	0.9915290201001266	0.006542625259681399	0.0018934633561635892
25_Breast	Breast	dna	event	True	1	Breast	Prostate	Lung	0.429693833867889	0.41376526311159983	0.10293595401144748
25_Breast	Breast	rna	gene_exp	False	2	Prostate	Breast	Lung	0.7332921229084564	0.20163423866146052	0.0642108281199254
25_Breast	Breast	rna	alt_sj	True	1	Breast	Lung	Prostate	0.8964548301417676	0.077170097182434	0.02055169616172531
34_Prostate	Prostate	combined	combined	True	1	Prostate	Breast	Lung	0.9939110885478433	0.0045474897619974175	0.0013827283996877232
34_Prostate	Prostate	dna	dna_combined	True	1	Prostate	Breast	Lung	0.6263094587010857	0.2865584139368652	0.08713212736204919
34_Prostate	Prostate	rna	rna_combined	True	1	Prostate	Melanoma	Lung	1.0	0.0	0.0
34_Prostate	Prostate	dna	gen_pos	True	1	Prostate	Breast	AML	0.6615134171845569	0.11171098568292105	0.09028025172992019
34_Prostate	Prostate	dna	snv96	True	1	Prostate	Lung	Breast	0.6503064956216255	0.16986425934775853	0.1645895457456933
34_Prostate	Prostate	dna	event	False	2	Breast	Prostate	Lung	0.3567507348088177	0.30178077408712534	0.29645846372398643
34_Prostate	Prostate	rna	gene_exp	True	1	Prostate	Lung	Breast	0.9815019065929514	0.01723184796981186	0.0008666246769610654
34_Prostate	Prostate	rna	alt_sj	True	1	Prostate	Lung	Breast	0.9862283258156219	0.008291088899396327	0.0054069574077605
38_Prostate	Prostate	combined	combined	False	2	Lung	Prostate	Breast	0.46092908718216646	0.44889708892128505	0.06279201647176923
38_Prostate	Prostate	dna	dna_combined	False	3	Breast	Lung	Prostate	0.2884765958120993	0.28805418590100546	0.2796959568162475
38_Prostate	Prostate	rna	rna_combined	True	1	Prostate	Lung	Breast	0.4441882495746108	0.4428599327972802	0.060242128836464244
38_Prostate	Prostate	dna	gen_pos	True	1	Prostate	Breast	Melanoma	0.636622723253083	0.17224177257968576	0.09232400510582978
38_Prostate	Prostate	dna	snv96	True	1	Prostate	Breast	Lung	0.3577788621142519	0.3493897884952631	0.2816973917002379
38_Prostate	Prostate	dna	event	True	1	Prostate	Breast	Lung	0.44273036744536426	0.341108250305955	0.12562414534805835
38_Prostate	Prostate	rna	gene_exp	True	1	Prostate	Lung	Breast	0.5127586073600663	0.44582769702978	0.03888196431494446
38_Prostate	Prostate	rna	alt_sj	False	3	Breast	Lung	Prostate	0.9078536151640884	0.06831381449195635	0.018526542034440773
52_Melanoma	Melanoma	combined	combined	True	1	Melanoma	Breast	Prostate	0.9857593422382193	0.013768143032679484	0.0002362573645506168
52_Melanoma	Melanoma	dna	dna_combined	True	1	Melanoma	Prostate	Lung	1.0	0.0	0.0
52_Melanoma	Melanoma	rna	rna_combined	False	2	Breast	Melanoma	Prostate	0.5827603748508647	0.4172396251491352	0.0
52_Melanoma	Melanoma	dna	gen_pos	True	1	Melanoma	Breast	Prostate	0.6825043625046504	0.14721457314513747	0.0641671236065839
52_Melanoma	Melanoma	dna	snv96	True	1	Melanoma	Breast	Prostate	0.9611169387341716	0.022718262831436964	0.0060935220452074425
52_Melanoma	Melanoma	dna	event	True	1	Melanoma	Prostate	Breast	0.9027150095627603	0.04539651824570039	0.03350152806065344
52_Melanoma	Melanoma	rna	gene_exp	False	2	Breast	Melanoma	Lung	0.9212030715265914	0.06418219050063388	0.009523413221616006
52_Melanoma	Melanoma	rna	alt_sj	True	1	Melanoma	Breast	Lung	0.8554819345666925	0.11659746801724825	0.018025200806603636
53_Melanoma	Melanoma	combined	combined	True	1	Melanoma	Breast	Lung	0.9564327295886218	0.028122669834916434	0.009415637953312732
53_Melanoma	Melanoma	dna	dna_combined	True	1	Melanoma	Lung	Breast	0.28167336459372644	0.268963533996296	0.26739361154458163
53_Melanoma	Melanoma	rna	rna_combined	True	1	Melanoma	Breast	Prostate	0.9699565935862634	0.03004340641373661	0.0
53_Melanoma	Melanoma	dna	gen_pos	True	1	Melanoma	AML	Prostate	0.3276927679312491	0.21368210211658611	0.18216453632136204
53_Melanoma	Melanoma	dna	snv96	False	5	Breast	Prostate	Lung	0.38785080946948697	0.26332634977347397	0.15911624241027814
53_Melanoma	Melanoma	dna	event	True	1	Melanoma	Breast	Prostate	0.8782279367542267	0.04379750353857898	0.038927032475352
53_Melanoma	Melanoma	rna	gene_exp	True	1	Melanoma	Breast	Lung	0.9292599387566411	0.0254515854302802	0.02289584443006529
53_Melanoma	Melanoma	rna	alt_sj	True	1	Melanoma	Breast	Lung	0.6307489734899429	0.2567749579697851	0.08170828031884471
68_Lung	Lung	combined	combined	False	2	Breast	Lung	Melanoma	0.9742276471257517	0.010699824590544109	0.00855829374356385
68_Lung	Lung	dna	dna_combined	True	1	Lung	Breast	Melanoma	0.30127935410645407	0.27431727856369564	0.24097939078299452
68_Lung	Lung	rna	rna_combined	False	4	Breast	Prostate	Melanoma	1.0	0.0	0.0
68_Lung	Lung	dna	gen_pos	False	2	Prostate	Lung	Breast	0.4143132583896354	0.21039307703218837	0.20324534714138148
68_Lung	Lung	dna	snv96	True	1	Lung	Breast	Melanoma	0.5338106095600906	0.4567613568890573	0.006695223437206684
68_Lung	Lung	dna	event	True	1	Lung	Prostate	Breast	0.5435386438107386	0.21745013720267042	0.21367665763376756
68_Lung	Lung	rna	gene_exp	False	2	Breast	Lung	Prostate	0.8443039392996928	0.1364267582544009	0.018328006854457523
68_Lung	Lung	rna	alt_sj	False	2	Breast	Lung	Prostate	0.5771306136038017	0.3683550200987267	0.0467128957783777
84_Lung	Lung	dna	dna_combined	True	1	Lung	Prostate	Melanoma	1.0	0.0	0.0
84_Lung	Lung	dna	gen_pos	True	1	Lung	Prostate	AML	0.8732067765135497	0.039072531151586785	0.03357255653759262
84_Lung	Lung	dna	snv96	True	1	Lung	Prostate	Breast	0.8411111016212484	0.08181775324519916	0.07437834071140824
84_Lung	Lung	dna	event	False	3	Breast	Prostate	Lung	0.4328424041978226	0.36377213722566654	0.14345678902641368
95_AML	AML	dna	dna_combined	True	1	AML	Breast	Prostate	0.5829428787586465	0.4170571212413536	0.0
95_AML	AML	dna	gen_pos	False	2	Breast	AML	Prostate	0.30466469653695305	0.2945506194339066	0.14527812170641546
95_AML	AML	dna	snv96	True	1	AML	Breast	Prostate	0.8707188945222372	0.0646164563640908	0.02990667373667885
95_AML	AML	dna	event	True	1	AML	Prostate	Breast	0.7405000029322386	0.11077095760110671	0.08059371567631168
3_Breast	Breast	combined	combined	True	1	Breast	Melanoma	Prostate	0.9981913101645252	0.0015775015425900827	0.00011559414644235335
3_Breast	Breast	dna	dna_combined	True	1	Breast	Prostate	Melanoma	1.0	0.0	0.0
3_Breast	Breast	rna	rna_combined	True	1	Breast	Melanoma	Prostate	0.8635310185557898	0.13646898144421013	0.0
3_Breast	Breast	dna	gen_pos	True	1	Breast	Prostate	AML	0.6240165394189486	0.154934274919359	0.09059302762087533
3_Breast	Breast	dna	snv96	True	1	Breast	Lung	Melanoma	0.8988491697313098	0.0788861849996448	0.015209607586207888
3_Breast	Breast	dna	event	True	1	Breast	Prostate	Lung	0.5559040902991911	0.232826979348738	0.14441645026727562
3_Breast	Breast	rna	gene_exp	False	2	Prostate	Breast	Lung	0.5028574289320845	0.3788692474286414	0.11785618714725007
3_Breast	Breast	rna	alt_sj	False	3	Lung	Prostate	Breast	0.36770978681319694	0.3295720667083171	0.2971428868267279
10_Breast	Breast	combined	combined	True	1	Breast	Lung	Prostate	0.991125469049623	0.008506182212320749	0.0001841743690281698
10_Breast	Breast	dna	dna_combined	True	1	Breast	Prostate	Melanoma	1.0	0.0	0.0
10_Breast	Breast	rna	rna_combined	True	1	Breast	Lung	Prostate	0.5381451687764591	0.4618548312235408	0.0
10_Breast	Breast	dna	gen_pos	True	1	Breast	AML	Prostate	0.6437474403509685	0.13330685311309295	0.09928957331099635
10_Breast	Breast	dna	snv96	True	1	Breast	Lung	Melanoma	0.76187935299497	0.14517399489364025	0.05694447905541972
10_Breast	Breast	dna	event	True	1	Breast	Prostate	Lung	0.6486916123561812	0.20169296849592966	0.10174285504282321
10_Breast	Breast	rna	gene_exp	False	2	Lung	Breast	Prostate	0.5531725655632358	0.4446832568329127	0.0017502267226401373
10_Breast	Breast	rna	alt_sj	False	3	Lung	Prostate	Breast	0.36770978681319694	0.3295720667083171	0.2971428868267279
24_Breast	Breast	combined	combined	True	1	Breast	Lung	Melanoma	0.5851537907003097	0.4069643677043524	0.007571004537752233
24_Breast	Breast	dna	dna_combined	True	1	Breast	Lung	Melanoma	0.34981448435063744	0.28347718112827197	0.24356827324756644
24_Breast	Breast	rna	rna_combined	True	1	Breast	Lung	Prostate	0.5381451687764591	0.4618548312235408	0.0
24_Breast	Breast	dna	gen_pos	True	1	Breast	AML	Lung	0.3828826495623896	0.1879161470884004	0.15955030161799044
24_Breast	Breast	dna	snv96	True	1	Breast	AML	Lung	0.5469478762813968	0.19893127031295124	0.15606326411736532
24_Breast	Breast	dna	event	False	2	AML	Breast	Lung	0.6840317038782321	0.1222453710859935	0.10392275153121644
24_Breast	Breast	rna	gene_exp	False	2	Lung	Breast	Prostate	0.7589125340281349	0.21210629800147152	0.02870596124007784
24_Breast	Breast	rna	alt_sj	False	3	Lung	Prostate	Breast	0.36770978681319694	0.3295720667083171	0.2971428868267279
31_Prostate	Prostate	combined	combined	True	1	Prostate	Melanoma	Lung	0.9997000899730081	9.997000899730082e-05	9.997000899730082e-05
31_Prostate	Prostate	dna	dna_combined	True	1	Prostate	Melanoma	Lung	1.0	0.0	0.0
31_Prostate	Prostate	rna	rna_combined	True	1	Prostate	Melanoma	Lung	1.0	0.0	0.0
31_Prostate	Prostate	dna	gen_pos	True	1	Prostate	Breast	Lung	0.6847650287183973	0.11152421654541268	0.07450745327031703
31_Prostate	Prostate	dna	snv96	True	1	Prostate	Breast	Lung	0.840382550874977	0.07649553184420371	0.06192375905365455
31_Prostate	Prostate	dna	event	False	2	Breast	Prostate	Lung	0.40135475977619367	0.38682250634797083	0.14909098363859782
31_Prostate	Prostate	rna	gene_exp	True	1	Prostate	Breast	Lung	0.9595653556753535	0.02542740172416564	0.014942267682739645
31_Prostate	Prostate	rna	alt_sj	False	2	Lung	Prostate	Breast	0.36770978681319694	0.3295720667083171	0.2971428868267279
35_Prostate	Prostate	combined	combined	False	2	Lung	Prostate	Breast	0.5525680628668552	0.4123489731247453	0.03358352960160399
35_Prostate	Prostate	dna	dna_combined	True	1	Prostate	Lung	Breast	0.7861193349009312	0.20815710283196132	0.005723562267107456
35_Prostate	Prostate	rna	rna_combined	False	3	Breast	Lung	Prostate	0.502190679174656	0.3969509585806794	0.078436598003108
35_Prostate	Prostate	dna	gen_pos	True	1	Prostate	Breast	Lung	0.47719604702759505	0.18539907776245085	0.12306472048040203
35_Prostate	Prostate	dna	snv96	True	1	Prostate	Lung	Breast	0.8861555145478784	0.04767553304846868	0.047345215593738284
35_Prostate	Prostate	dna	event	False	3	Lung	Breast	Prostate	0.40976776792215336	0.3228498027097094	0.1874132385273204
35_Prostate	Prostate	rna	gene_exp	False	4	Lung	Breast	Melanoma	0.48879868222822537	0.4404346535290782	0.053304735500647855
35_Prostate	Prostate	rna	alt_sj	False	2	Lung	Prostate	Breast	0.36770978681319694	0.3295720667083171	0.2971428868267279
62_Melanoma	Melanoma	combined	combined	True	1	Melanoma	Prostate	Lung	0.9997000899730081	9.997000899730082e-05	9.997000899730082e-05
62_Melanoma	Melanoma	dna	dna_combined	True	1	Melanoma	Prostate	Lung	1.0	0.0	0.0
62_Melanoma	Melanoma	rna	rna_combined	True	1	Melanoma	Prostate	Lung	1.0	0.0	0.0
62_Melanoma	Melanoma	dna	gen_pos	True	1	Melanoma	Breast	Prostate	0.8253972441712016	0.06932039103897024	0.052050569595335855
62_Melanoma	Melanoma	dna	snv96	True	1	Melanoma	Breast	AML	0.984817571349718	0.010768308369119003	0.0027870828204679997
62_Melanoma	Melanoma	dna	event	True	1	Melanoma	Breast	Prostate	0.947126272379366	0.023788655222615106	0.01662394879956188
62_Melanoma	Melanoma	rna	gene_exp	True	1	Melanoma	Breast	Lung	0.9721195243054296	0.019910928166743745	0.007584536466517072
62_Melanoma	Melanoma	rna	alt_sj	True	1	Melanoma	Breast	Prostate	0.9917296924799288	0.0030588939172451948	0.0030092902661144815
65_Melanoma	Melanoma	combined	combined	True	1	Melanoma	Breast	Prostate	0.9922154315954269	0.007437377762994132	0.00017359532078948403
65_Melanoma	Melanoma	dna	dna_combined	True	1	Melanoma	Breast	Prostate	0.5715680740027947	0.42843192599720525	0.0
65_Melanoma	Melanoma	rna	rna_combined	True	1	Melanoma	Prostate	Lung	1.0	0.0	0.0
65_Melanoma	Melanoma	dna	gen_pos	True	1	Melanoma	Breast	Prostate	0.6308127058261644	0.1296228637214223	0.11762938958786887
65_Melanoma	Melanoma	dna	snv96	True	1	Melanoma	Breast	AML	0.896354246089011	0.07238420576397059	0.02624459241826951
65_Melanoma	Melanoma	dna	event	False	4	Breast	Prostate	Lung	0.6219671793827288	0.2046173795411431	0.12815685537068588
65_Melanoma	Melanoma	rna	gene_exp	True	1	Melanoma	Breast	Lung	0.9638040435741672	0.024933539667188517	0.010695511044948114
65_Melanoma	Melanoma	rna	alt_sj	True	1	Melanoma	Breast	Prostate	0.9956709457036843	0.001664955086021792	0.0014932353420928468
66_Lung	Lung	combined	combined	False	2	Breast	Lung	Prostate	0.9699490937853434	0.02956425323753259	0.000243326488562
66_Lung	Lung	dna	dna_combined	True	1	Lung	Breast	Prostate	0.5930419573679396	0.4069580426320605	0.0
66_Lung	Lung	rna	rna_combined	False	2	Breast	Lung	Prostate	0.9795123519827039	0.02048764801729612	0.0
66_Lung	Lung	dna	gen_pos	True	1	Lung	Breast	Prostate	0.4242688105421986	0.2711088667318802	0.16081318055788588
66_Lung	Lung	dna	snv96	True	1	Lung	Breast	Prostate	0.3829718058363155	0.33452118253718444	0.24551839811531612
66_Lung	Lung	dna	event	True	1	Lung	Breast	Prostate	0.9129187284307345	0.057578577497455735	0.023769387678638905
66_Lung	Lung	rna	gene_exp	False	2	Breast	Lung	Prostate	0.7227641776600084	0.26442152472608493	0.006606515028030732
66_Lung	Lung	rna	alt_sj	True	1	Lung	Prostate	Breast	0.36770978681319694	0.3295720667083171	0.2971428868267279
85_Lung	Lung	dna	dna_combined	True	1	Lung	Prostate	Melanoma	1.0	0.0	0.0
85_Lung	Lung	dna	gen_pos	True	1	Lung	AML	Melanoma	0.9417307891453517	0.020851596457709447	0.013073636572398252
85_Lung	Lung	dna	snv96	True	1	Lung	Prostate	Breast	0.9151122323840718	0.06390802220361223	0.01786011675683769
85_Lung	Lung	dna	event	True	1	Lung	Breast	Prostate	0.543120846785434	0.22355179078987797	0.17376670750912676
97_AML	AML	dna	dna_combined	True	1	AML	Prostate	Melanoma	1.0	0.0	0.0
97_AML	AML	dna	gen_pos	True	1	AML	Breast	Prostate	0.3054398811609158	0.23394861890118449	0.2154513537412782
97_AML	AML	dna	snv96	True	1	AML	Breast	Melanoma	0.9234726600493975	0.03164398150731434	0.016972547522659833
97_AML	AML	dna	event	True	1	AML	Breast	Prostate	0.7839727587910956	0.07941972607563509	0.06766304891471028
8_Breast	Breast	combined	combined	True	1	Breast	Prostate	Melanoma	0.9997000899730081	9.997000899730082e-05	9.997000899730082e-05
8_Breast	Breast	dna	dna_combined	True	1	Breast	Prostate	Melanoma	1.0	0.0	0.0
8_Breast	Breast	rna	rna_combined	True	1	Breast	Prostate	Melanoma	1.0	0.0	0.0
8_Breast	Breast	dna	gen_pos	True	1	Breast	Prostate	Melanoma	0.5322377934693014	0.26000027102196693	0.08688066101214213
8_Breast	Breast	dna	snv96	True	1	Breast	Lung	Melanoma	0.9274460631305993	0.06517144441845454	0.006235798337007334
8_Breast	Breast	dna	event	True	1	Breast	Prostate	Lung	0.4309617900373491	0.3163978234935773	0.1970562292196446
8_Breast	Breast	rna	gene_exp	True	1	Breast	Lung	Prostate	0.796385602301588	0.17930940764434666	0.021529387372029196
8_Breast	Breast	rna	alt_sj	False	3	Lung	Prostate	Breast	0.35069518528526367	0.336211765440477	0.3095440233792041
9_Breast	Breast	combined	combined	True	1	Breast	Lung	Melanoma	0.7637768892769012	0.23323331506441497	0.0027749298532822376
9_Breast	Breast	dna	dna_combined	True	1	Breast	Lung	Prostate	0.5810726838615945	0.4189273161384055	0.0
9_Breast	Breast	rna	rna_combined	True	1	Breast	Lung	Melanoma	0.61174263258544	0.25911025402931065	0.12914711338524923
9_Breast	Breast	dna	gen_pos	True	1	Breast	Lung	Prostate	0.46060632554079567	0.26430265964877864	0.14756383119191427
9_Breast	Breast	dna	snv96	True	1	Breast	Lung	Prostate	0.6787321164637885	0.20142025636676592	0.09255671256343995
9_Breast	Breast	dna	event	False	2	Prostate	Breast	Lung	0.3948424373693869	0.3473392046499639	0.2063589767013243
9_Breast	Breast	rna	gene_exp	True	1	Breast	Lung	Prostate	0.6420513486926775	0.3439312079039157	0.01227384528005101
9_Breast	Breast	rna	alt_sj	True	1	Breast	Prostate	Melanoma	0.356911484546337	0.23794587937932318	0.23697104434481228
26_Prostate	Prostate	combined	combined	True	1	Prostate	Breast	Melanoma	0.9987468512761001	0.0010327444643576	0.00011020212977118601
26_Prostate	Prostate	dna	dna_combined	True	1	Prostate	Breast	Melanoma	0.90628634251426	0.09371365748574005	0.0
26_Prostate	Prostate	rna	rna_combined	True	1	Prostate	Melanoma	Lung	1.0	0.0	0.0
26_Prostate	Prostate	dna	gen_pos	True	1	Prostate	Breast	Lung	0.562037246801653	0.18764158429819489	0.12322753614657242
26_Prostate	Prostate	dna	snv96	True	1	Prostate	Lung	Breast	0.7634321113995515	0.11525205584091845	0.09243309226964729
26_Prostate	Prostate	dna	event	False	3	Lung	Breast	Prostate	0.39477517599298256	0.27659288608559235	0.2560205863527836
26_Prostate	Prostate	rna	gene_exp	True	1	Prostate	Breast	Lung	0.9442505677549866	0.04839287195411133	0.007312205707345753
26_Prostate	Prostate	rna	alt_sj	False	2	Lung	Prostate	Breast	0.35069518528526367	0.336211765440477	0.3095440233792041
27_Prostate	Prostate	combined	combined	True	1	Prostate	Melanoma	Lung	0.9997000899730081	9.997000899730082e-05	9.997000899730082e-05
27_Prostate	Prostate	dna	dna_combined	True	1	Prostate	Melanoma	Lung	1.0	0.0	0.0
27_Prostate	Prostate	rna	rna_combined	True	1	Prostate	Melanoma	Lung	1.0	0.0	0.0
27_Prostate	Prostate	dna	gen_pos	True	1	Prostate	Breast	Lung	0.6180785615742934	0.13404904260829567	0.09320250461109084
27_Prostate	Prostate	dna	snv96	True	1	Prostate	Breast	Lung	0.8277337339331212	0.08923907188667878	0.045189108226635764
27_Prostate	Prostate	dna	event	True	1	Prostate	Breast	Lung	0.3406801112771845	0.3310893849171969	0.21156998284741976
27_Prostate	Prostate	rna	gene_exp	True	1	Prostate	Breast	Lung	0.9255797949062603	0.0637786512467352	0.010582780391064615
27_Prostate	Prostate	rna	alt_sj	False	2	Lung	Prostate	Breast	0.35069518528526367	0.336211765440477	0.3095440233792041
36_Prostate	Prostate	combined	combined	True	1	Prostate	Melanoma	Lung	0.9997000899730081	9.997000899730082e-05	9.997000899730082e-05
36_Prostate	Prostate	dna	dna_combined	True	1	Prostate	Melanoma	Lung	1.0	0.0	0.0
36_Prostate	Prostate	rna	rna_combined	True	1	Prostate	Melanoma	Lung	1.0	0.0	0.0
36_Prostate	Prostate	dna	gen_pos	True	1	Prostate	Breast	Melanoma	0.7014356957500737	0.12564970573787174	0.06832189378218796
36_Prostate	Prostate	dna	snv96	True	1	Prostate	Lung	Breast	0.7182486242654708	0.14065735299222504	0.12877112183335648
36_Prostate	Prostate	dna	event	True	1	Prostate	Breast	Lung	0.38201175726900294	0.2889367941852706	0.2660924946604791
36_Prostate	Prostate	rna	gene_exp	True	1	Prostate	Breast	Lung	0.9434324688805622	0.04908247284982505	0.007439991017620065
36_Prostate	Prostate	rna	alt_sj	False	2	Lung	Prostate	Breast	0.35069518528526367	0.336211765440477	0.3095440233792041
54_Melanoma	Melanoma	combined	combined	True	1	Melanoma	Prostate	Lung	0.9997000899730081	9.997000899730082e-05	9.997000899730082e-05
54_Melanoma	Melanoma	dna	dna_combined	True	1	Melanoma	Prostate	Lung	1.0	0.0	0.0
54_Melanoma	Melanoma	rna	rna_combined	True	1	Melanoma	Prostate	Lung	1.0	0.0	0.0
54_Melanoma	Melanoma	dna	gen_pos	True	1	Melanoma	Breast	Lung	0.7515894398433258	0.09831399945041204	0.054360644926764116
54_Melanoma	Melanoma	dna	snv96	True	1	Melanoma	AML	Breast	0.9641632333176068	0.015065915427771175	0.011313342448718428
54_Melanoma	Melanoma	dna	event	True	1	Melanoma	Prostate	Breast	0.8839611225116552	0.04638380984169528	0.046072775224521065
54_Melanoma	Melanoma	rna	gene_exp	True	1	Melanoma	Breast	Prostate	0.9604749296357501	0.02806944972116313	0.008388140713940544
54_Melanoma	Melanoma	rna	alt_sj	True	1	Melanoma	Breast	Prostate	0.9892322821114122	0.004428496572113187	0.0036076587842824334
71_Lung	Lung	combined	combined	True	1	Lung	Breast	Prostate	0.9906963804370064	0.008926941457751216	0.00018833905262121282
71_Lung	Lung	dna	dna_combined	True	1	Lung	Prostate	Melanoma	1.0	0.0	0.0
71_Lung	Lung	rna	rna_combined	True	1	Lung	Breast	Prostate	0.5260175022911968	0.47398249770880324	0.0
71_Lung	Lung	dna	gen_pos	True	1	Lung	Breast	Prostate	0.5661231580390084	0.14924628897967687	0.13529751060263132
71_Lung	Lung	dna	snv96	False	2	Prostate	Lung	Breast	0.3708384066377379	0.32775099564835947	0.20294122474885806
71_Lung	Lung	dna	event	True	1	Lung	Prostate	Breast	0.9346895458784432	0.026005833500535876	0.018623468825879244
71_Lung	Lung	rna	gene_exp	True	1	Lung	Breast	Prostate	0.7652950760603819	0.22325778247510242	0.010763226546045826
71_Lung	Lung	rna	alt_sj	True	1	Lung	Prostate	Breast	0.35069518528526367	0.336211765440477	0.3095440233792041
72_Lung	Lung	combined	combined	True	1	Lung	Breast	Prostate	0.9646355716477714	0.03448186395872478	0.00044128219675202497
72_Lung	Lung	dna	dna_combined	True	1	Lung	Prostate	Melanoma	1.0	0.0	0.0
72_Lung	Lung	rna	rna_combined	False	2	Breast	Lung	Prostate	0.781401656638815	0.21859834336118497	0.0
72_Lung	Lung	dna	gen_pos	True	1	Lung	Prostate	Melanoma	0.8609096097706966	0.06209949377547955	0.03582377395640614
72_Lung	Lung	dna	snv96	True	1	Lung	Breast	Prostate	0.9950409718715788	0.003625009045520829	0.0011499271975005671
72_Lung	Lung	dna	event	True	1	Lung	Prostate	Breast	0.609997192942305	0.23359339911044633	0.13051723088259456
72_Lung	Lung	rna	gene_exp	False	2	Breast	Lung	Prostate	0.757481175417609	0.21673069896782945	0.025321536713619763
72_Lung	Lung	rna	alt_sj	True	1	Lung	Prostate	Breast	0.35069518528526367	0.336211765440477	0.3095440233792041
91_AML	AML	dna	dna_combined	True	1	AML	Breast	Prostate	0.7854253741544573	0.21457462584554268	0.0
91_AML	AML	dna	gen_pos	False	2	Breast	AML	Melanoma	0.24219686066055954	0.2258429334877936	0.18553107251839204
91_AML	AML	dna	snv96	True	1	AML	Breast	Prostate	0.7795072030093414	0.0874583933477852	0.06931733848644003
91_AML	AML	dna	event	True	1	AML	Prostate	Breast	0.8831976571152466	0.04506098878815282	0.03717553549925056
93_AML	AML	dna	dna_combined	True	1	AML	Breast	Prostate	0.7523821333067795	0.24761786669322056	0.0
93_AML	AML	dna	gen_pos	False	2	Breast	AML	Melanoma	0.2716101670231414	0.2638402967104052	0.18114605368582992
93_AML	AML	dna	snv96	True	1	AML	Prostate	Breast	0.853622598916829	0.05258718016521353	0.04298673851678371
93_AML	AML	dna	event	True	1	AML	Prostate	Breast	0.7689938877680683	0.09156759683901942	0.07554371394009468
1_Breast	Breast	combined	combined	True	1	Breast	Lung	Prostate	0.9088867730160184	0.0907590144463146	0.00017710626883357905
1_Breast	Breast	dna	dna_combined	True	1	Breast	Lung	Prostate	0.5856052424702028	0.4143947575297971	0.0
1_Breast	Breast	rna	rna_combined	True	1	Breast	Lung	Prostate	0.8763364854866271	0.12366351451337287	0.0
1_Breast	Breast	dna	gen_pos	True	1	Breast	AML	Prostate	0.5672151960823019	0.1417075448135121	0.11705772888946563
1_Breast	Breast	dna	snv96	True	1	Breast	Lung	Prostate	0.5748867830016386	0.24257121640210666	0.09112110036411958
1_Breast	Breast	dna	event	True	1	Breast	Lung	Prostate	0.3740582635196512	0.2857291030976533	0.24354934176154022
1_Breast	Breast	rna	gene_exp	False	2	Lung	Breast	Prostate	0.4761425110720953	0.4627098476617805	0.03237279168359627
1_Breast	Breast	rna	alt_sj	False	2	Prostate	Breast	Lung	0.43571687010228594	0.42930651244557705	0.08640274565396935
23_Breast	Breast	combined	combined	True	1	Breast	Lung	Melanoma	0.6153926642136378	0.37647880796360117	0.007850048123253772
23_Breast	Breast	dna	dna_combined	True	1	Breast	Lung	Melanoma	0.3972351919318255	0.30469130985200693	0.281889420921539
23_Breast	Breast	rna	rna_combined	True	1	Breast	Lung	Prostate	0.556302557660791	0.443697442339209	0.0
23_Breast	Breast	dna	gen_pos	True	1	Breast	AML	Prostate	0.4372157100603825	0.23535822579689952	0.1737317760821322
23_Breast	Breast	dna	snv96	True	1	Breast	AML	Lung	0.41853661730943686	0.24823742707411114	0.16768386402507005
23_Breast	Breast	dna	event	True	1	Breast	Lung	Prostate	0.3972992783917027	0.20005255133106467	0.1866769184525306
23_Breast	Breast	rna	gene_exp	False	2	Lung	Breast	Prostate	0.6788557315812908	0.2952291865567896	0.02569911623609242
23_Breast	Breast	rna	alt_sj	False	2	Lung	Breast	Prostate	0.3587359731754887	0.31975936120253395	0.3189522651174757
42_Prostate	Prostate	combined	combined	True	1	Prostate	Melanoma	Lung	0.9997000899730081	9.997000899730082e-05	9.997000899730082e-05
42_Prostate	Prostate	dna	dna_combined	True	1	Prostate	Melanoma	Lung	1.0	0.0	0.0
42_Prostate	Prostate	rna	rna_combined	True	1	Prostate	Melanoma	Lung	1.0	0.0	0.0
42_Prostate	Prostate	dna	gen_pos	True	1	Prostate	Breast	Lung	0.5350979335958036	0.15206812305616285	0.11314056307562236
42_Prostate	Prostate	dna	snv96	True	1	Prostate	Breast	AML	0.761804683904256	0.10025636128467698	0.06559248759619059
42_Prostate	Prostate	dna	event	True	1	Prostate	Lung	Breast	0.8576610920780139	0.06519036270396016	0.056879783801918445
42_Prostate	Prostate	rna	gene_exp	True	1	Prostate	Breast	Lung	0.9598671426477245	0.025911917472970326	0.014190093407860746
42_Prostate	Prostate	rna	alt_sj	False	3	Lung	Breast	Prostate	0.3587359731754887	0.31975936120253395	0.3189522651174757
43_Prostate	Prostate	combined	combined	True	1	Prostate	Breast	Melanoma	0.99460849192466	0.00509077095779911	0.00015036855877045713
43_Prostate	Prostate	dna	dna_combined	True	1	Prostate	Breast	Melanoma	0.6614471137167477	0.33855288628325225	0.0
43_Prostate	Prostate	rna	rna_combined	True	1	Prostate	Melanoma	Lung	1.0	0.0	0.0
43_Prostate	Prostate	dna	gen_pos	True	1	Prostate	Breast	Lung	0.5234465799023039	0.19245182389309368	0.10129472139808277
43_Prostate	Prostate	dna	snv96	True	1	Prostate	Breast	Lung	0.7826596662853886	0.13521451734748474	0.04246684829861143
43_Prostate	Prostate	dna	event	False	2	Breast	Prostate	Lung	0.3906203976285715	0.3506622765527698	0.12719563914873308
43_Prostate	Prostate	rna	gene_exp	True	1	Prostate	Breast	Lung	0.9581113595842491	0.026849630016359476	0.01500696685135686
43_Prostate	Prostate	rna	alt_sj	False	3	Lung	Breast	Prostate	0.3587359731754887	0.31975936120253395	0.3189522651174757
45_Prostate	Prostate	combined	combined	True	1	Prostate	Breast	Melanoma	0.9317756759890174	0.06791975472592059	0.0001522846425309424
45_Prostate	Prostate	dna	dna_combined	True	1	Prostate	Breast	Melanoma	0.7365725787324455	0.2634274212675545	0.0
45_Prostate	Prostate	rna	rna_combined	True	1	Prostate	Breast	Melanoma	0.8306913993719597	0.1693086006280403	0.0
45_Prostate	Prostate	dna	gen_pos	True	1	Prostate	Breast	Melanoma	0.6144786946883243	0.18284296591677834	0.1090193409918091
45_Prostate	Prostate	dna	snv96	True	1	Prostate	Lung	Breast	0.7741048048783687	0.12106190099877838	0.0923161338090134
45_Prostate	Prostate	dna	event	False	2	Breast	Prostate	Lung	0.4177467072444851	0.2737748723347828	0.21090188192009668
45_Prostate	Prostate	rna	gene_exp	True	1	Prostate	Breast	Lung	0.9306566984924028	0.043996935183466486	0.025299683254463343
45_Prostate	Prostate	rna	alt_sj	False	3	Lung	Breast	Prostate	0.3587359731754887	0.31975936120253395	0.3189522651174757
59_Melanoma	Melanoma	combined	combined	True	1	Melanoma	Prostate	Lung	0.9997000899730081	9.997000899730082e-05	9.997000899730082e-05
59_Melanoma	Melanoma	dna	dna_combined	True	1	Melanoma	Prostate	Lung	1.0	0.0	0.0
59_Melanoma	Melanoma	rna	rna_combined	True	1	Melanoma	Prostate	Lung	1.0	0.0	0.0
59_Melanoma	Melanoma	dna	gen_pos	True	1	Melanoma	Prostate	Breast	0.8506684709582559	0.05664288849874094	0.040702022620694944
59_Melanoma	Melanoma	dna	snv96	True	1	Melanoma	Breast	AML	0.9829936118423273	0.009780976847881224	0.003712421126000956
59_Melanoma	Melanoma	dna	event	True	1	Melanoma	Breast	Prostate	0.9914837673510234	0.003263048886739959	0.00299308308482608
59_Melanoma	Melanoma	rna	gene_exp	True	1	Melanoma	Breast	Lung	0.9641386082418151	0.02004073924692994	0.01290691254058591
59_Melanoma	Melanoma	rna	alt_sj	True	1	Melanoma	Prostate	Breast	0.9929351198097227	0.002994807918229042	0.00296901412982886
73_Lung	Lung	combined	combined	False	2	Breast	Lung	Prostate	0.8542894807226454	0.14528060677878518	0.00021495624928471367
73_Lung	Lung	dna	dna_combined	True	1	Lung	Breast	Melanoma	0.545584132223006	0.4536183672220791	0.0007975005549148965
73_Lung	Lung	rna	rna_combined	False	2	Breast	Lung	Prostate	0.8761215283394075	0.1238784716605925	0.0
73_Lung	Lung	dna	gen_pos	True	1	Lung	Breast	Prostate	0.42073167251346494	0.24188286964640818	0.20456001405535032
73_Lung	Lung	dna	snv96	False	3	Breast	Prostate	Lung	0.5900188554450064	0.2093745458339112	0.14253344614971594
73_Lung	Lung	dna	event	True	1	Lung	Breast	Prostate	0.9292527249507979	0.03723507643501969	0.02355472288295513
73_Lung	Lung	rna	gene_exp	False	2	Breast	Lung	Prostate	0.5522955959283231	0.3696282707008561	0.04816320247698316
73_Lung	Lung	rna	alt_sj	True	1	Lung	Breast	Prostate	0.3587359731754887	0.31975936120253395	0.3189522651174757
75_Lung	Lung	combined	combined	True	1	Lung	Breast	Prostate	0.9768654554098872	0.014529147341746287	0.007779312981698464
75_Lung	Lung	dna	dna_combined	True	1	Lung	Prostate	Melanoma	1.0	0.0	0.0
75_Lung	Lung	rna	rna_combined	False	2	Breast	Lung	Prostate	0.44157248290862045	0.29689072212351764	0.23643029200906837
75_Lung	Lung	dna	gen_pos	True	1	Lung	Prostate	AML	0.8377233106431289	0.046851151719141705	0.04144289607998406
75_Lung	Lung	dna	snv96	True	1	Lung	Breast	Prostate	0.9422378629641094	0.032801384223509325	0.015108125993237012
75_Lung	Lung	dna	event	True	1	Lung	Breast	Prostate	0.9216703925484504	0.03255318708646331	0.023694669350702042
75_Lung	Lung	rna	gene_exp	True	1	Lung	Breast	Melanoma	0.445034573579036	0.402449128340759	0.10902454484135192
75_Lung	Lung	rna	alt_sj	True	1	Lung	Breast	Prostate	0.3587359731754887	0.31975936120253395	0.3189522651174757
92_AML	AML	dna	dna_combined	True	1	AML	Prostate	Melanoma	1.0	0.0	0.0
92_AML	AML	dna	gen_pos	True	1	AML	Breast	Prostate	0.2764473814484769	0.26063863444523805	0.16992476174031904
92_AML	AML	dna	snv96	True	1	AML	Breast	Melanoma	0.884189372474646	0.04595350111103594	0.034171652589377106
92_AML	AML	dna	event	True	1	AML	Prostate	Breast	0.8975660304622989	0.03921904103268062	0.039187469262748735
96_AML	AML	dna	dna_combined	True	1	AML	Breast	Melanoma	0.5971060724225069	0.29682174908654574	0.10607217849094738
96_AML	AML	dna	gen_pos	True	1	AML	Prostate	Breast	0.227370603531973	0.21846670267963364	0.21426604410116268
96_AML	AML	dna	snv96	True	1	AML	Breast	Prostate	0.7641646331914111	0.09528900599241623	0.08971091479156088
96_AML	AML	dna	event	True	1	AML	Prostate	Breast	0.7729879821542452	0.07889368581990817	0.07883017551388848
6_Breast	Breast	combined	combined	True	1	Breast	Lung	Melanoma	0.7832961555059604	0.20691367117367282	0.009493635946069957
6_Breast	Breast	dna	dna_combined	False	2	Lung	Breast	Melanoma	0.3499073428280768	0.32994293005626524	0.3201497271156579
6_Breast	Breast	rna	rna_combined	True	1	Breast	Lung	Prostate	0.8005855191446986	0.19941448085530145	0.0
6_Breast	Breast	dna	gen_pos	True	1	Breast	Prostate	Lung	0.37162795117141134	0.21989815047021646	0.1857494397006739
6_Breast	Breast	dna	snv96	False	3	Prostate	Lung	Breast	0.6605234684982594	0.2200684556784713	0.11068437866607288
6_Breast	Breast	dna	event	False	2	Prostate	Breast	Lung	0.39209938917804227	0.323712875858477	0.20619935609802026
6_Breast	Breast	rna	gene_exp	True	1	Breast	Lung	Prostate	0.7510884130575985	0.1407936231993684	0.10746666781543775
6_Breast	Breast	rna	alt_sj	False	3	Lung	Prostate	Breast	0.3602254216201391	0.33134329490370107	0.30240319030357976
20_Breast	Breast	combined	combined	True	1	Breast	Lung	Prostate	0.9330318784782564	0.0654720736725961	0.0007480239245737867
20_Breast	Breast	dna	dna_combined	True	1	Breast	Prostate	Melanoma	1.0	0.0	0.0
20_Breast	Breast	rna	rna_combined	False	2	Lung	Breast	Prostate	0.8752671073976832	0.12473289260231679	0.0
20_Breast	Breast	dna	gen_pos	True	1	Breast	Prostate	Melanoma	0.6825662424597596	0.19115970722262662	0.06521236465055
20_Breast	Breast	dna	snv96	True	1	Breast	Lung	Melanoma	0.9807821957956626	0.017911638292088444	0.0010213892808133705
20_Breast	Breast	dna	event	True	1	Breast	Lung	Prostate	0.38111161775992525	0.320833865722543	0.2453749614407786
20_Breast	Breast	rna	gene_exp	False	2	Lung	Breast	Prostate	0.950194016020978	0.0407792611827469	0.00843677722653455
20_Breast	Breast	rna	alt_sj	False	3	Lung	Prostate	Breast	0.3602254216201391	0.33134329490370107	0.30240319030357976
30_Prostate	Prostate	combined	combined	True	1	Prostate	Melanoma	Lung	0.9997000899730081	9.997000899730082e-05	9.997000899730082e-05
30_Prostate	Prostate	dna	dna_combined	True	1	Prostate	Melanoma	Lung	1.0	0.0	0.0
30_Prostate	Prostate	rna	rna_combined	True	1	Prostate	Melanoma	Lung	1.0	0.0	0.0
30_Prostate	Prostate	dna	gen_pos	True	1	Prostate	Lung	AML	0.5870664760930209	0.21493741528345334	0.06779700718324022
30_Prostate	Prostate	dna	snv96	True	1	Prostate	Lung	Breast	0.8864536432946758	0.07662317351679386	0.02954948919938086
30_Prostate	Prostate	dna	event	True	1	Prostate	Lung	Breast	0.862321669027183	0.06962517578711389	0.04979883750155326
30_Prostate	Prostate	rna	gene_exp	True	1	Prostate	Breast	Lung	0.9574672880178644	0.027116741502986527	0.01533144141012814
30_Prostate	Prostate	rna	alt_sj	False	2	Lung	Prostate	Breast	0.3602254216201391	0.33134329490370107	0.30240319030357976
46_Prostate	Prostate	combined	combined	True	1	Prostate	Breast	Melanoma	0.9890215082146445	0.010569301454620211	0.00020459516536766657
46_Prostate	Prostate	dna	dna_combined	False	2	Breast	Prostate	Melanoma	0.5165958558026876	0.48340414419731237	0.0
46_Prostate	Prostate	rna	rna_combined	True	1	Prostate	Melanoma	Lung	1.0	0.0	0.0
46_Prostate	Prostate	dna	gen_pos	False	2	Breast	Prostate	Melanoma	0.4902696245460133	0.37565347014993256	0.09808057490888393
46_Prostate	Prostate	dna	snv96	True	1	Prostate	Lung	AML	0.9995825925787751	0.00029627410009623286	7.22467986006972e-05
46_Prostate	Prostate	dna	event	False	2	Breast	Prostate	Lung	0.8888106098727326	0.05690168791665247	0.03827367840501706
46_Prostate	Prostate	rna	gene_exp	True	1	Prostate	Breast	Lung	0.9686270402852032	0.01998496898624279	0.011322851321182683
46_Prostate	Prostate	rna	alt_sj	False	2	Lung	Prostate	Breast	0.3602254216201391	0.33134329490370107	0.30240319030357976
48_Melanoma	Melanoma	combined	combined	True	1	Melanoma	Prostate	Lung	0.9997000899730081	9.997000899730082e-05	9.997000899730082e-05
48_Melanoma	Melanoma	dna	dna_combined	True	1	Melanoma	Prostate	Lung	1.0	0.0	0.0
48_Melanoma	Melanoma	rna	rna_combined	True	1	Melanoma	Prostate	Lung	1.0	0.0	0.0
48_Melanoma	Melanoma	dna	gen_pos	True	1	Melanoma	Breast	Prostate	0.8876551138964025	0.03535500502057321	0.03495943763620077
48_Melanoma	Melanoma	dna	snv96	True	1	Melanoma	Breast	Lung	0.9823973214905443	0.007238869637651883	0.006315471864219803
48_Melanoma	Melanoma	dna	event	True	1	Melanoma	Breast	Prostate	0.9874119400255537	0.00619564386052556	0.004233137679564315
48_Melanoma	Melanoma	rna	gene_exp	True	1	Melanoma	Lung	Breast	0.9307941565767368	0.03846713364176029	0.025769049990212657
48_Melanoma	Melanoma	rna	alt_sj	True	1	Melanoma	Breast	Prostate	0.9956247749599129	0.00162851141804075	0.0014952472625442469
63_Melanoma	Melanoma	combined	combined	True	1	Melanoma	Prostate	Lung	0.9997000899730081	9.997000899730082e-05	9.997000899730082e-05
63_Melanoma	Melanoma	dna	dna_combined	True	1	Melanoma	Prostate	Lung	1.0	0.0	0.0
63_Melanoma	Melanoma	rna	rna_combined	True	1	Melanoma	Prostate	Lung	1.0	0.0	0.0
63_Melanoma	Melanoma	dna	gen_pos	True	1	Melanoma	Prostate	AML	0.9093449248695504	0.026974556395355263	0.025503534144001545
63_Melanoma	Melanoma	dna	snv96	True	1	Melanoma	Breast	Lung	0.9807914728542673	0.009502800732825126	0.004747315209976146
63_Melanoma	Melanoma	dna	event	True	1	Melanoma	AML	Prostate	0.8740651463906314	0.06804493454780855	0.03301738239322933
63_Melanoma	Melanoma	rna	gene_exp	True	1	Melanoma	Lung	Breast	0.9525686274542932	0.021685672700182377	0.01985330594954303
63_Melanoma	Melanoma	rna	alt_sj	True	1	Melanoma	Breast	Prostate	0.9974948373018004	0.0009518044691729974	0.0008390034391763743
77_Lung	Lung	combined	combined	False	2	Breast	Lung	Prostate	0.5798628345982083	0.4086033376390656	0.008905769859736751
77_Lung	Lung	dna	dna_combined	True	1	Lung	Breast	Melanoma	0.5422258056674739	0.37150908905425106	0.08199933762908836
77_Lung	Lung	rna	rna_combined	False	3	Breast	Prostate	Lung	0.4870025615215443	0.277873340897434	0.23512409758102176
77_Lung	Lung	dna	gen_pos	True	1	Lung	Prostate	Breast	0.4703091505362433	0.27410423918787463	0.11152538547262693
77_Lung	Lung	dna	snv96	False	2	Breast	Lung	Prostate	0.5545512662807259	0.3984720126123353	0.024391182904059436
77_Lung	Lung	dna	event	True	1	Lung	Breast	Prostate	0.8497651131056748	0.0650969751125311	0.06459853189778292
77_Lung	Lung	rna	gene_exp	False	2	Breast	Lung	Prostate	0.4398597505265637	0.40404929455580446	0.14392734841809193
77_Lung	Lung	rna	alt_sj	True	1	Lung	Prostate	Breast	0.3602254216201391	0.33134329490370107	0.30240319030357976
78_Breast	Breast	dna	dna_combined	False	3	AML	Melanoma	Breast	0.36000031159764434	0.3228617635965395	0.3171379248058162
78_Breast	Breast	dna	gen_pos	True	1	Breast	AML	Prostate	0.35010733884435785	0.24096408853264367	0.17238566515957449
78_Breast	Breast	dna	snv96	False	3	AML	Prostate	Breast	0.2883347815025615	0.24727990427234897	0.23842932571230263
78_Breast	Breast	dna	event	False	4	AML	Prostate	Lung	0.8628429572466199	0.07728045072270427	0.024530419046977323
94_AML	AML	dna	dna_combined	True	1	AML	Melanoma	Prostate	0.9636890800575452	0.03631091994245483	0.0
94_AML	AML	dna	gen_pos	True	1	AML	Breast	Prostate	0.26803080810392815	0.22239365910559403	0.2072906560841898
94_AML	AML	dna	snv96	True	1	AML	Breast	Melanoma	0.844389778552776	0.09272501636970432	0.03757647771076201
94_AML	AML	dna	event	True	1	AML	Prostate	Lung	0.8669762127375403	0.07765064537354749	0.024647926512697437
13_Breast	Breast	combined	combined	True	1	Breast	Lung	Melanoma	0.7448050981680345	0.24740284990274364	0.0075262450229462595
13_Breast	Breast	dna	dna_combined	True	1	Breast	Lung	Melanoma	0.40289453794163205	0.3056493149116999	0.2831470832868931
13_Breast	Breast	rna	rna_combined	True	1	Breast	Lung	Prostate	0.6954805682766332	0.3045194317233668	0.0
13_Breast	Breast	dna	gen_pos	True	1	Breast	AML	Prostate	0.46217847459101136	0.19355459262394906	0.15647310988769908
13_Breast	Breast	dna	snv96	True	1	Breast	AML	Prostate	0.3859639758279025	0.2762126750445869	0.14027847398620333
13_Breast	Breast	dna	event	True	1	Breast	Prostate	Lung	0.4302881871528388	0.25473681226101935	0.15248467800530704
13_Breast	Breast	rna	gene_exp	True	1	Breast	Lung	Prostate	0.4987739071211418	0.4440783424692788	0.028796543354979037
13_Breast	Breast	rna	alt_sj	False	3	Lung	Prostate	Breast	0.3756897641167382	0.3223513972745051	0.2952501930916805
14_Breast	Breast	combined	combined	True	1	Breast	Lung	Prostate	0.6535664850835543	0.3460433431995788	0.00019508585843341743
14_Breast	Breast	dna	dna_combined	True	1	Breast	Lung	Prostate	0.5826607337405975	0.41733926625940254	0.0
14_Breast	Breast	rna	rna_combined	True	1	Breast	Lung	Prostate	0.5749740350496442	0.42502596495035594	0.0
14_Breast	Breast	dna	gen_pos	True	1	Breast	Prostate	Lung	0.5150590970948329	0.26167085601470375	0.09727120626659078
14_Breast	Breast	dna	snv96	True	1	Breast	Lung	Prostate	0.5621683959677188	0.34909785650144987	0.07412210143074946
14_Breast	Breast	dna	event	True	1	Breast	Lung	Prostate	0.4829749373635367	0.2552761854863203	0.22171613974511195
14_Breast	Breast	rna	gene_exp	True	1	Breast	Lung	Melanoma	0.5222694207908457	0.4569863837705749	0.012812096957613872
14_Breast	Breast	rna	alt_sj	False	3	Lung	Prostate	Breast	0.3756897641167382	0.3223513972745051	0.2952501930916805
32_Prostate	Prostate	combined	combined	True	1	Prostate	Breast	Melanoma	0.9923743167166201	0.0072815768823888145	0.00017205320049555018
32_Prostate	Prostate	dna	dna_combined	True	1	Prostate	Breast	Melanoma	0.5767834099327237	0.42321659006727624	0.0
32_Prostate	Prostate	rna	rna_combined	True	1	Prostate	Melanoma	Lung	1.0	0.0	0.0
32_Prostate	Prostate	dna	gen_pos	True	1	Prostate	Breast	Melanoma	0.6179992140713821	0.20990636707993618	0.10464666578816764
32_Prostate	Prostate	dna	snv96	True	1	Prostate	Lung	Breast	0.6426195663690856	0.23163550288370388	0.11679770640055293
32_Prostate	Prostate	dna	event	False	2	Breast	Prostate	Lung	0.40960392378762983	0.28787319974913383	0.21913475739695357
32_Prostate	Prostate	rna	gene_exp	True	1	Prostate	Breast	Lung	0.9705375518112228	0.016265811145045196	0.01317852298885552
32_Prostate	Prostate	rna	alt_sj	False	2	Lung	Prostate	Breast	0.3756897641167382	0.3223513972745051	0.2952501930916805
47_Prostate	Prostate	combined	combined	True	1	Prostate	Breast	Melanoma	0.9980878662198717	0.0016789374577297906	0.00011659816119928506
47_Prostate	Prostate	dna	dna_combined	True	1	Prostate	Breast	Melanoma	0.8560065235625616	0.14399347643743846	0.0
47_Prostate	Prostate	rna	rna_combined	True	1	Prostate	Melanoma	Lung	1.0	0.0	0.0
47_Prostate	Prostate	dna	gen_pos	True	1	Prostate	Breast	Melanoma	0.5951332385098732	0.1611800364658842	0.08783233702277012
47_Prostate	Prostate	dna	snv96	True	1	Prostate	Lung	Breast	0.8153247565547023	0.1173536798958611	0.037133998294206015
47_Prostate	Prostate	dna	event	False	2	Breast	Prostate	Lung	0.4450230899220697	0.20528545408169632	0.15218378303991947
47_Prostate	Prostate	rna	gene_exp	True	1	Prostate	Breast	Lung	0.9653542878889071	0.01874986323306987	0.015874848315187474
47_Prostate	Prostate	rna	alt_sj	False	2	Lung	Prostate	Breast	0.3756897641167382	0.3223513972745051	0.2952501930916805
49_Melanoma	Melanoma	combined	combined	True	1	Melanoma	Prostate	Lung	0.9997000899730081	9.997000899730082e-05	9.997000899730082e-05
49_Melanoma	Melanoma	dna	dna_combined	True	1	Melanoma	Prostate	Lung	1.0	0.0	0.0
49_Melanoma	Melanoma	rna	rna_combined	True	1	Melanoma	Prostate	Lung	1.0	0.0	0.0
49_Melanoma	Melanoma	dna	gen_pos	True	1	Melanoma	Prostate	Lung	0.8565391504640053	0.057341752299644236	0.03656867549439305
49_Melanoma	Melanoma	dna	snv96	True	1	Melanoma	Breast	Lung	0.9921717465239112	0.004653826116196533	0.0019171467647414266
49_Melanoma	Melanoma	dna	event	True	1	Melanoma	Breast	Prostate	0.8970152067497754	0.04551290272896696	0.029252627440870274
49_Melanoma	Melanoma	rna	gene_exp	True	1	Melanoma	Lung	Breast	0.9136337649078773	0.04179314078712126	0.035822369207071866
49_Melanoma	Melanoma	rna	alt_sj	True	1	Melanoma	Breast	Prostate	0.9115730554631452	0.06295828913949218	0.01956089290443166
57_Melanoma	Melanoma	combined	combined	True	1	Melanoma	Prostate	Lung	0.9997000899730081	9.997000899730082e-05	9.997000899730082e-05
57_Melanoma	Melanoma	dna	dna_combined	True	1	Melanoma	Prostate	Lung	1.0	0.0	0.0
57_Melanoma	Melanoma	rna	rna_combined	True	1	Melanoma	Prostate	Lung	1.0	0.0	0.0
57_Melanoma	Melanoma	dna	gen_pos	True	1	Melanoma	AML	Prostate	0.8914519889597888	0.029827703852551693	0.028731715395991102
57_Melanoma	Melanoma	dna	snv96	True	1	Melanoma	Lung	Breast	0.9685256988662837	0.012631878427265037	0.012247261152710912
57_Melanoma	Melanoma	dna	event	True	1	Melanoma	Breast	Prostate	0.991388195117415	0.004196090981416138	0.002508534986404556
57_Melanoma	Melanoma	rna	gene_exp	True	1	Melanoma	Breast	Lung	0.9650975926765425	0.01630619139258371	0.015610439635564922
57_Melanoma	Melanoma	rna	alt_sj	True	1	Melanoma	Breast	Prostate	0.9968619750713641	0.001195837004432767	0.0011751371260936695
76_Lung	Lung	combined	combined	True	1	Lung	Breast	Prostate	0.9861947198477392	0.01334121687087374	0.00023203164069351132
76_Lung	Lung	dna	dna_combined	True	1	Lung	Prostate	Melanoma	1.0	0.0	0.0
76_Lung	Lung	rna	rna_combined	False	2	Breast	Lung	Prostate	0.5749740350496442	0.42502596495035594	0.0
76_Lung	Lung	dna	gen_pos	True	1	Lung	Prostate	Melanoma	0.8885475815522106	0.05315668201720086	0.02406304852147784
76_Lung	Lung	dna	snv96	True	1	Lung	Prostate	Breast	0.9973254888559341	0.001512984344646051	0.0010493441079824917
76_Lung	Lung	dna	event	True	1	Lung	Breast	Prostate	0.38893646683793004	0.29915175618569456	0.27099679686792144
76_Lung	Lung	rna	gene_exp	False	2	Breast	Lung	Prostate	0.5158611072493323	0.475273606429124	0.0065795005398509195
76_Lung	Lung	rna	alt_sj	False	2	Prostate	Lung	Breast	0.707434502785098	0.15083174094302296	0.1316619177500526
79_Breast	Breast	dna	dna_combined	True	1	Breast	Prostate	Melanoma	1.0	0.0	0.0
79_Breast	Breast	dna	gen_pos	True	1	Breast	Prostate	Melanoma	0.5912652252489042	0.13535362977150955	0.11140698650326891
79_Breast	Breast	dna	snv96	True	1	Breast	Lung	Melanoma	0.8112770418955298	0.1505476494115353	0.02291875704140874
79_Breast	Breast	dna	event	True	1	Breast	Prostate	Lung	0.5050442750928054	0.2731573053593404	0.18316824422597167
88_AML	AML	dna	dna_combined	True	1	AML	Prostate	Melanoma	1.0	0.0	0.0
88_AML	AML	dna	gen_pos	True	1	AML	Prostate	Breast	0.26955629263479286	0.2239468327251077	0.20521725690727832
88_AML	AML	dna	snv96	True	1	AML	Breast	Prostate	0.8696020624723086	0.053534581345616915	0.026983876795605887
88_AML	AML	dna	event	True	1	AML	Breast	Prostate	0.8415918058423992	0.08675396764913715	0.032061352783364715
